1		Animalia	Kingdom
2	1	Acanthocephala	Phylum
3	1	Annelida	Phylum
4	3	Hirudinea	Class
5	3	Oligochaeta	Class
6	3	Pogonophora	Class
7	3	Polychaeta	Class
8	1	Archaeocyatha	Phylum
9	1	Arthropoda	Phylum
10	9	Arachnida	Class
11	10	Acari	Order
12	10	Amblypygi	Order
13	10	Anthracomartida	Order
14	10	Araneae	Order
15	10	Architarbida	Order
16	10	Haptopodida	Order
17	10	Kustarachnida	Order
18	10	Opiliones	Order
19	10	Palpigradi	Order
20	10	Pseudoscorpionida	Order
21	10	Ricinulei	Order
22	10	Schizomida	Order
23	10	Scorpiones	Order
24	10	Solpugida	Order
25	10	Trigonotarbida	Order
26	10	Uropygi	Order
27	9	Arthropleurida	Class
28	9	Crustacea	Subphylum
29	28	Branchiopoda	Class
30	29	Anostraca	Order
31	29	Cladocera	Order
32	29	Conchostraca	Order
33	29	Cryptopoda	Order
34	29	Kazacharthra	Order
35	29	Lipostraca	Order
36	29	Notostraca	Order
37	29	Pectocaridida	Order
38	28	Branchiura	Class
39	28	Cephalocarida	Class
40	28	Cirripedia	Class
41	40	Acrothoracica	Order
42	40	Ascothoracica	Order
43	40	Rhizocephala	Order
44	40	Thoracica	Order
45	44	Balanomorpha	Suborder
46	44	Brachylepadomorpha	Suborder
47	44	Lepadomorpha	Suborder
48	44	Verrucomorpha	Suborder
49	28	Conchyliocarida	Class
50	28	Copepoda	Class
51	50	Calanoida	Order
52	50	Cyclopoida	Order
53	50	Gelyelloida	Order
54	50	Harpacticoida	Order
55	50	Misophrioida	Order
56	50	Monstrilloida	Order
57	50	Mormonilloida	Order
58	50	Platycopioida	Order
59	50	Siphonostomatoida	Order
60	28	Euthycarcinoidea	Class
61	28	Malacostraca	Class
62	61	Eumalacostraca	Subclass
63	62	Eocarida	Superorder
64	63	Eocaridacea	Order
65	63	Pygocephalomorpha	Order
66	62	Eucarida	Superorder
67	66	Amphionidacea	Order
68	66	Decapoda	Order
69	68	Natantia	Suborder
70	68	Reptantia	Suborder
71	70	Anomura	Infraorder
72	70	Astacura	Infraorder
73	70	Brachyura	Infraorder
74	70	Palinura	Infraorder
75	66	Euphausiacea	Order
76	62	Hoplocarida	Superorder
77	76	Palaeostomatopoda	Order
78	76	Stomatopoda	Order
79	62	Peracarida	Superorder
80	79	Amphipoda	Order
81	79	Anthracocaridacea	Order
82	79	Cumacea	Order
83	79	Isopoda	Order
84	79	Mictacea	Order
85	79	Mysidacea	Order
86	79	Spelaeogriphacea	Order
87	79	Tanaidacea	Order
88	79	Thermosbaenacea	Order
89	62	Syncarida	Superorder
90	89	Anaspidacea	Order
91	89	Bathynellacea	Order
92	89	Palaeocaridacea	Order
93	61	Phyllocarida	Subclass
94	28	Mystacocarida	Class
95	28	Ostracoda	Class
96	28	Remipedia	Class
97	28	Tantulocarida	Class
98	9	Insecta	Class
99	98	Anoplura	Order
100	98	Caloneurodea	Order
101	98	Coleoptera	Order
102	101	Adephaga	Suborder
103	102	Aspidytidae	Family
104	102	Caraboidea	Superfamily
105	104	Amphizoidae	Family
106	104	Carabidae	Family
107	104	Dytiscidae	Family
108	104	Gyrinidae	Family
109	104	Haliplidae	Family
110	104	Hygrobiidae	Family
111	104	Noteridae	Family
112	104	Rhysodidae	Family
113	102	Meruidae	Family
114	101	Archostemata	Suborder
115	114	Cupedoidea	Superfamily
116	115	Cupedidae	Family
117	115	Micromalthidae	Family
118	115	Ommatidae	Family
119	101	Myxophaga	Suborder
120	119	Microsporoidea	Superfamily
121	120	Hydroscaphidae	Family
122	120	Lepiceridae	Family
123	120	Microsporidae	Family
124	120	Torridincolidae	Family
125	101	Polyphaga	Suborder
126	125	Bostrichoidea	Superfamily
127	126	Anobiidae	Family
128	126	Bostrichidae	Family
129	126	Ptinidae	Family
130	125	Buprestoidea	Superfamily
131	130	Buprestidae	Family
132	125	Byrrhoidea	Superfamily
133	132	Byrrhidae	Family
134	125	Cantharoidea	Superfamily
135	134	Brachypsectridae	Family
136	134	Cantharidae	Family
137	134	Cneoglossidae	Family
138	134	Drilidae	Family
139	134	Homalisidae	Family
140	134	Lampyridae	Family
141	134	Lycidae	Family
142	134	Omethidae	Family
143	134	Phengodidae	Family
144	134	Telegeusidae	Family
145	125	Chrysomeloidea	Superfamily
146	145	Bruchidae	Family
147	145	Cerambycidae	Family
148	145	Chrysomelidae	Family
149	125	Cleroidea	Superfamily
150	149	Acanthocnemidae	Family
151	149	Chaetosomatidae	Family
152	149	Cleridae	Family
153	149	Melyridae	Family
154	149	Phycosecidae	Family
155	149	Trogossitidae	Family
156	125	Cucujoidea	Superfamily
157	156	Biphyllidae	Family
158	156	Boganiidae	Family
159	156	Byturidae	Family
160	156	Cavognathidae	Family
161	156	Cerylonidae	Family
162	156	Coccinellidae	Family
163	156	Corylophidae	Family
164	156	Cryptophagidae	Family
165	156	Cucujidae	Family
166	156	Discolomidae	Family
167	156	Endomychidae	Family
168	156	Erotylidae	Family
169	156	Helotidae	Family
170	156	Lamingtoniidae	Family
171	156	Languriidae	Family
172	156	Lathridiidae	Family
173	156	Nitidulidae	Family
174	156	Phalacridae	Family
175	156	Phloeostichidae	Family
176	156	Propalticidae	Family
177	156	Protocucujidae	Family
178	156	Rhizophagidae	Family
179	156	Sphaerosomatidae	Family
180	156	Sphindidae	Family
181	125	Curculionoidea	Superfamily
182	181	Anthribidae	Family
183	181	Apionidae	Family
184	181	Attelabidae	Family
185	181	Belidae	Family
186	181	Brachyceridae	Family
187	181	Brentidae	Family
188	181	Cryptolaryngidae	Family
189	181	Curculionidae	Family
190	181	Dryophthoridae	Family
191	181	Eccoptarthridae	Family
192	181	Eobelidae	Family
193	181	Erirhinidae	Family
194	181	Eurhynchidae	Family
195	181	Ithyceridae	Family
196	181	Nanophyidae	Family
197	181	Nemonychidae	Family
198	181	Obrieniidae	Family
199	181	Oxycorynidae	Family
200	181	Platypodidae	Family
201	181	Raymondionymidae	Family
202	181	Rhynchitidae	Family
203	181	Ulyanidae	Family
204	125	Dascilloidea	Superfamily
205	204	Dascillidae	Family
206	204	Rhipiceridae	Family
207	125	Decliniidae	Family
208	125	Dermestoidea	Superfamily
209	208	Dermestidae	Family
210	208	Derodontidae	Family
211	208	Jacobsoniidae	Family
212	208	Nosodendridae	Family
213	125	Dryopoidea	Superfamily
214	213	Callirhipidae	Family
215	213	Chelonariidae	Family
216	213	Dryopidae	Family
217	213	Elmidae	Family
218	213	Eulichadidae	Family
219	213	Heteroceridae	Family
220	213	Limnichidae	Family
221	213	Lutrochidae	Family
222	213	Psephenidae	Family
223	213	Ptilodactylidae	Family
224	125	Elateroidea	Superfamily
225	224	Artematopidae	Family
226	224	Cebrionidae	Family
227	224	Cerophytidae	Family
228	224	Elateridae	Family
229	224	Eucnemidae	Family
230	224	Rhinorhipidae	Family
231	224	Throscidae	Family
232	125	Eucinetoidea	Superfamily
233	232	Clambidae	Family
234	232	Eucinetidae	Family
235	232	Scirtidae	Family
236	125	Hydrophiloidea	Superfamily
237	236	Georyssidae	Family
238	236	Histeridae	Family
239	236	Hydrophilidae	Family
240	236	Sphaeritidae	Family
241	236	Synteliidae	Family
242	125	Lymexyloidea	Superfamily
243	242	Lymexylidae	Family
244	125	Scarabaeoidea	Superfamily
245	244	Ceratocanthidae	Family
246	244	Diphyllostomatidae	Family
247	244	Geotrupidae	Family
248	244	Lucanidae	Family
249	244	Passalidae	Family
250	244	Pleocomidae	Family
251	244	Scarabaeidae	Family
252	244	Trogidae	Family
253	125	Staphylinoidea	Superfamily
254	253	Agyrtidae	Family
255	253	Dasyceridae	Family
256	253	Hydraenidae	Family
257	253	Leiodidae	Family
258	253	Leptinidae	Family
259	253	Micropeplidae	Family
260	253	Pselaphidae	Family
261	253	Ptiliidae	Family
262	253	Scydmaenidae	Family
263	253	Silphidae	Family
264	253	Staphylinidae	Family
265	125	Tenebrionoidea	Superfamily
266	265	Aderidae	Family
267	265	Anthicidae	Family
268	265	Archeocrypticidae	Family
269	265	Boridae	Family
270	265	Cephaloidae	Family
271	265	Chalcodryidae	Family
272	265	Ciidae	Family
273	265	Colydiidae	Family
274	265	Melandryidae	Family
275	265	Meloidae	Family
276	265	Monommidae	Family
277	265	Mordellidae	Family
278	265	Mycetophagidae	Family
279	265	Mycteridae	Family
280	265	Oedemeridae	Family
281	265	Perimylopidae	Family
282	265	Prostomidae	Family
283	265	Pterogeniidae	Family
284	265	Pyrochroidae	Family
285	265	Pythidae	Family
286	265	Rhipiphoridae	Family
287	265	Salpingidae	Family
288	265	Scraptiidae	Family
289	265	Synchroidae	Family
290	265	Tenebrionidae	Family
291	265	Tetratomidae	Family
292	265	Trictenotomidae	Family
293	265	Zopheridae	Family
294	98	Collembola	Order
295	98	Dermaptera	Order
296	98	Diaphanopterodea	Order
297	98	Dictyoptera	Order
298	297	Blattodea	Suborder
299	297	Mantodea	Suborder
300	98	Diplura	Order
301	98	Diptera	Order
302	301	Brachycera	Suborder
303	302	Cyclorrhapha	Infraorder
304	303	Acartophthalmidae	Family
305	303	Agromyzidae	Family
306	303	Anthomyiidae	Family
307	303	Anthomyzidae	Family
308	303	Asteiidae	Family
309	303	Aulacigastridae	Family
310	303	Australimyzidae	Family
311	303	Axiniidae	Family
312	303	Braulidae	Family
313	303	Calliphoridae	Family
314	303	Camillidae	Family
315	303	Canacidae	Family
316	303	Carnidae	Family
317	303	Celyphidae	Family
318	303	Chamaemyiidae	Family
319	303	Chloropidae	Family
320	303	Chyromyidae	Family
321	303	Clusiidae	Family
322	303	Coelopidae	Family
323	303	Coenomyiidae	Family
324	303	Conopidae	Family
325	303	Cremifaniidae	Family
326	303	Cryptochetidae	Family
327	303	Curtonotidae	Family
328	303	Cypselosomatidae	Family
329	303	Diastatidae	Family
330	303	Diopsidae	Family
331	303	Drosophilidae	Family
332	303	Dryomyzidae	Family
333	303	Ephydridae	Family
334	303	Eurychoromyiidae	Family
335	303	Fanniidae	Family
336	303	Fergusoninidae	Family
337	303	Gasterophilidae	Family
338	303	Glossinidae	Family
339	303	Helcomyzidae	Family
340	303	Heleomyzidae	Family
341	303	Helosciomyzidae	Family
342	303	Hippoboscidae	Family
343	303	Hypodermatidae	Family
344	303	Inbiomyiidae	Family
345	303	Ironomyiidae	Family
346	303	Lauxaniidae	Family
347	303	Lonchaeidae	Family
348	303	Lonchopteridae	Family
349	303	Marginidae	Family
350	303	Megamerinidae	Family
351	303	Micropezidae	Family
352	303	Milichiidae	Family
353	303	Mormotomyiidae	Family
354	303	Muscidae	Family
355	303	Natalimyzidae	Family
356	303	Neottiophilidae	Family
357	303	Neriidae	Family
358	303	Neurochaetidae	Family
359	303	Nothybidae	Family
360	303	Nycteribiidae	Family
361	303	Odiniidae	Family
362	303	Oestridae	Family
363	303	Opetiidae	Family
364	303	Opomyzidae	Family
365	303	Otitidae	Family
366	303	Pallopteridae	Family
367	303	Periscelididae	Family
368	303	Phoridae	Family
369	303	Piophilidae	Family
370	303	Pipunculidae	Family
371	303	Platypezidae	Family
372	303	Platystomatidae	Family
373	303	Pseudopomyzidae	Family
374	303	Psilidae	Family
375	303	Pyrgotidae	Family
376	303	Rachiceridae	Family
377	303	Rhinophoridae	Family
378	303	Rhinotoridae	Family
379	303	Richardiidae	Family
380	303	Risidae	Family
381	303	Ropalomeridae	Family
382	303	Sarcophagidae	Family
383	303	Scathophagidae	Family
384	303	Sciadoceridae	Family
385	303	Sciomyzidae	Family
386	303	Sepsidae	Family
387	303	Sphaeroceridae	Family
388	303	Stenomicridae	Family
389	303	Streblidae	Family
390	303	Strongylophthalmyiidae	Family
391	303	Syringogastridae	Family
392	303	Syrphidae	Family
393	303	Tachinidae	Family
394	303	Tachiniscidae	Family
395	303	Tanypezidae	Family
396	303	Tephritidae	Family
397	303	Teratomyzidae	Family
398	303	Tethinidae	Family
399	303	Thyreophoridae	Family
400	303	Trixoscelididae	Family
401	303	Ulidiidae	Family
402	303	Xenasteiidae	Family
403	302	Orthorrhapha	Infraorder
404	403	Acroceridae	Family
405	403	Apioceridae	Family
406	403	Apsilocephalidae	Family
407	403	Asilidae	Family
408	403	Atelestidae	Family
409	403	Athericidae	Family
410	403	Bombyliidae	Family
411	403	Dolichopodidae	Family
412	403	Empididae	Family
413	403	Evocoidae	Family
414	403	Hilarimorphidae	Family
415	403	Hybotidae	Family
416	403	Microphoridae	Family
417	403	Mydidae	Family
418	403	Nemestrinidae	Family
419	403	Oreoleptidae	Family
420	403	Pantophthalmidae	Family
421	403	Pelecorhynchidae	Family
422	403	Rhagionidae	Family
423	403	Scenopinidae	Family
424	403	Stratiomyidae	Family
425	403	Tabanidae	Family
426	403	Therevidae	Family
427	403	Vermileonidae	Family
428	403	Xylomyidae	Family
429	403	Xylophagidae	Family
430	301	Nematocera	Suborder
431	430	Anisopodidae	Family
432	430	Axymyiidae	Family
433	430	Bibionidae	Family
434	430	Blephariceridae	Family
435	430	Bolitophilidae	Family
436	430	Canthyloscelidae	Family
437	430	Cecidomyiidae	Family
438	430	Ceratopogonidae	Family
439	430	Chaoboridae	Family
440	430	Chironomidae	Family
441	430	Cramptonomyiidae	Family
442	430	Culicidae	Family
443	430	Cylindrotomidae	Family
444	430	Deuterophlebiidae	Family
445	430	Diadocidiidae	Family
446	430	Ditomyiidae	Family
447	430	Dixidae	Family
448	430	Hesperinidae	Family
449	430	Keroplatidae	Family
450	430	Leptoconopidae	Family
451	430	Limoniidae	Family
452	430	Lygistorrhinidae	Family
453	430	Macroceridae	Family
454	430	Manotidae	Family
455	430	Mycetobiidae	Family
456	430	Mycetophilidae	Family
457	430	Nymphomyiidae	Family
458	430	Pachyneuridae	Family
459	430	Perissommatidae	Family
460	430	Pleciidae	Family
461	430	Psychodidae	Family
462	430	Ptychopteridae	Family
463	430	Rangomaramidae	Family
464	430	Rhaetaniidae	Family
465	430	Scatopsidae	Family
466	430	Sciaridae	Family
467	430	Simuliidae	Family
468	430	Synneuridae	Family
469	430	Tanyderidae	Family
470	430	Thaumaleidae	Family
471	430	Tipulidae	Family
472	430	Trichoceridae	Family
473	98	Embioptera	Order
474	98	Ephemeroptera	Order
475	98	Glosselytrodea	Order
476	98	Grylloblattodea	Order
477	98	Hemiptera	Order
478	477	Heteroptera	Suborder
479	478	Cimicomorpha	Group
480	479	Cimicoidea	Superfamily
481	480	Anthocoridae	Family
482	480	Cimicidae	Family
483	480	Medocostidae	Family
484	480	Nabidae	Family
485	480	Plokiophilidae	Family
486	480	Polyctenidae	Family
487	480	Velocipedidae	Family
488	479	Joppeicoidea	Superfamily
489	488	Joppeicidae	Family
490	479	Miroidea	Superfamily
491	490	Microphysidae	Family
492	490	Miridae	Family
493	479	Reduvoidea	Superfamily
494	493	Reduviidae	Family
495	479	Thaumastocoroidea	Family
496	495	Thaumastocoridae	Family
497	479	Tingoidea	Superfamily
498	497	Tingidae	Family
499	497	Vianaididae	Family
500	478	Dipsocoromorpha	Group
501	500	Dipsocoroidea	Superfamily
502	501	Ceratocombidae	Family
503	501	Dipsocoridae	Family
504	501	Hypsipterygidae	Family
505	501	Schizopteridae	Family
506	501	Stemmocryptidae	Family
507	478	Enicocephalomorpha	Group
508	507	Enicocephaloidea	Superfamily
509	508	Enicocephalidae	Family
510	478	Gerromorpha	Group
511	510	Gerroidea	Superfamily
512	511	Gerridae	Family
513	511	Hebridae	Family
514	511	Hermatobatidae	Family
515	511	Hydrometridae	Family
516	511	Macroveliidae	Family
517	511	Madeoveliidae	Family
518	511	Mesoveliidae	Family
519	511	Paraphrynoveliidae	Family
520	511	Veliidae	Family
521	478	Leptopodomorpha	Group
522	521	Leptopodoidea	Superfamily
523	522	Leotichiidae	Family
524	522	Leptopodidae	Family
525	522	Omaniidae	Family
526	522	Saldidae	Family
527	478	Nepomorpha	Group
528	527	Corixoidea	Superfamily
529	528	Corixidae	Family
530	527	Gelastocoroidea	Superfamily
531	530	Gelastocoridae	Family
532	530	Ochteridae	Family
533	527	Naucoroidea	Superfamily
534	533	Aphelocheiridae	Family
535	533	Naucoridae	Family
536	527	Nepoidea	Superfamily
537	536	Belostomatidae	Family
538	536	Nepidae	Family
539	527	Notonectoidea	Superfamily
540	539	Helotrephidae	Family
541	539	Notonectidae	Family
542	539	Pleidae	Family
543	478	Pentatomomorpha	Group
544	543	Aradoidea	Superfamily
545	544	Aradidae	Family
546	544	Termitaphididae	Family
547	543	Coreoidea	Superfamily
548	547	Alydidae	Family
549	547	Coreidae	Family
550	547	Hyocephalidae	Family
551	547	Rhopalidae	Family
552	547	Stenocephalidae	Family
553	543	Idiostoloidea	Superfamily
554	553	Idiostolidae	Family
555	543	Lygaeoidea	Superfamily
556	555	Berytidae	Family
557	555	Colobathristidae	Family
558	555	Lygaeidae	Family
559	555	Malcidae	Family
560	543	Pentatomoidea	Superfamily
561	560	Acanthosomatidae	Family
562	560	Aphylidae	Family
563	560	Cydnidae	Family
564	560	Lestoniidae	Family
565	560	Megarididae	Family
566	560	Pentatomidae	Family
567	560	Plataspidae	Family
568	560	Thaumastellidae	Family
569	560	Urostylidae	Family
570	543	Piesmatoidea	Superfamily
571	570	Piesmatidae	Family
572	543	Pyrrhocoroidea	Superfamily
573	572	Largidae	Family
574	572	Pyrrhocoridae	Family
575	477	Homoptera	Suborder
576	575	Auchenorrhyncha	Infraorder
577	576	Cercopoidea	Superfamily
578	577	Cercopidae	Family
579	577	Epipygidae	Family
580	576	Cicadelloidea	Superfamily
581	580	Cicadellidae	Family
582	576	Cicadoidea	Superfamily
583	582	Cicadidae	Family
584	576	Fulgoroidea	Superfamily
585	584	Acanaloniidae	Family
586	584	Achilidae	Family
587	584	Achilixiidae	Family
588	584	Cixiidae	Family
589	584	Delphacidae	Family
590	584	Derbidae	Family
591	584	Dictyopharidae	Family
592	584	Eurybrachyidae	Family
593	584	Flatidae	Family
594	584	Fulgoridae	Family
595	584	Gengidae	Family
596	584	Hypochthonellidae	Family
597	584	Issidae	Family
598	584	Kinnaridae	Family
599	584	Lophopidae	Family
600	584	Meenoplidae	Family
601	584	Nogodinidae	Family
602	584	Ricaniidae	Family
603	584	Tettigometridae	Family
604	584	Tropiduchidae	Family
605	576	Membracoidea	Superfamily
606	605	Aetalionidae	Family
607	605	Biturritiidae	Family
608	605	Membracidae	Family
609	605	Nicomiidae	Family
610	575	Coleorrhyncha	Infraorder
611	610	Peloridioidea	Superfamily
612	611	Peloridiidae	Family
613	575	Sternorrhyncha	Infraorder
614	613	Aleyrodoidea	Superfamily
615	613	Aphidoidea	Superfamily
616	613	Coccoidea	Superfamily
617	613	Psylloidea	Superfamily
618	98	Hymenoptera	Order
619	618	Apocrita	Suborder
620	619	Aculeata	Group
621	620	Apoidea	Superfamily
622	621	Andrenidae	Family
623	621	Apidae	Family
624	621	Colletidae	Family
625	621	Halictidae	Family
626	621	Megachilidae	Family
627	621	Melittidae	Family
628	621	Melittosphecidae	Family
629	620	Chrysidoidea	Superfamily
630	629	Bethylidae	Family
631	629	Bethylonymidae	Family
632	629	Chrysididae	Family
633	629	Cleptidae	Family
634	629	Dryinidae	Family
635	629	Embolemidae	Family
636	629	Fushunochrysidae	Family
637	629	Loboscelidiidae	Family
638	629	Plumariidae	Family
639	629	Sclerogibbidae	Family
640	629	Scolebythidae	Family
641	620	Formicoidea	Superfamily
642	641	Armaniidae	Family
643	641	Formicidae	Family
644	641	Sphecomyrmidae	Family
645	620	Kislevidae	Family
646	620	Pompiloidea	Superfamily
647	646	Pompilidae	Family
648	646	Rhopalosomatidae	Family
649	620	Scolioidea	Superfamily
650	649	Anthoboscidae	Family
651	649	Brachycistidae	Family
652	649	Bradynobaenidae	Family
653	649	Falsiformicidae	Family
654	649	Methochidae	Family
655	649	Mutillidae	Family
656	649	Myrmosidae	Family
657	649	Sapygidae	Family
658	649	Scoliidae	Family
659	649	Sierolomorphidae	Family
660	649	Thynnidae	Family
661	649	Tiphiidae	Family
662	620	Sphecoidea	Superfamily
663	662	Baissodidae	Family
664	662	Sphecidae	Family
665	620	Vespoidea	Superfamily
666	665	Eumenidae	Family
667	665	Masaridae	Family
668	665	Vespidae	Family
669	619	Terebrantia	Group
670	669	Chalcidoidea	Superfamily
671	670	Agaonidae	Family
672	670	Aphelinidae	Family
673	670	Brachyceritidae	Family
674	670	Chalcididae	Family
675	670	Elasmidae	Family
676	670	Encyrtidae	Family
677	670	Eucharitidae	Family
678	670	Eulophidae	Family
679	670	Eupelmidae	Family
680	670	Eurytomidae	Family
681	670	Expansicornidae	Family
682	670	Khutelchalcididae	Family
683	670	Leucospididae	Family
684	670	Ormyridae	Family
685	670	Perilampidae	Family
686	670	Podagrionidae	Family
687	670	Pteromalidae	Family
688	670	Rotoitidae	Family
689	670	Signiphoridae	Family
690	670	Spalangidae	Family
691	670	Tetracampidae	Family
692	670	Torymidae	Family
693	670	Trichogrammatidae	Family
694	669	Cynipoidea	Superfamily
695	694	Cynipidae	Family
696	694	Emarginidae	Family
697	694	Gerocynipidae	Family
698	694	Stolamissidae	Family
699	694	Thrasoridae	Family
700	669	Evanioidea	Superfamily
701	700	Andreneliidae	Family
702	700	Anomopterellidae	Family
703	700	Aulacidae	Family
704	700	Cretevaniidae	Family
705	700	Eostephanitidae	Family
706	700	Ephialtitidae	Family
707	700	Evaniidae	Family
708	700	Gasteruptionidae	Family
709	700	Karatavitidae	Family
710	700	Praeaulacidae	Family
711	700	Stephanidae	Family
712	669	Ichneumonoidea	Superfamily
713	712	Aphidiidae	Family
714	712	Apozygidae	Family
715	712	Braconidae	Family
716	712	Eoichneumonidae	Family
717	712	Hybrizontidae	Family
718	712	Ichneumonidae	Family
719	712	Megalyridae	Family
720	712	Praeichneumonidae	Family
721	669	Pelecinoidea	Superfamily
722	721	Pelecinidae	Family
723	669	Proctotrupoidea	Superfamily
724	723	Austroniidae	Family
725	723	Ceraphronidae	Family
726	723	Diapriidae	Family
727	723	Heloridae	Family
728	723	Jurapriidae	Family
729	723	Maamingidae	Family
730	723	Maimetshidae	Family
731	723	Mesoserphidae	Family
732	723	Monomachidae	Family
733	723	Mymaridae	Family
734	723	Peradeniidae	Family
735	723	Platygasteridae	Family
736	723	Proctorenyxidae	Family
737	723	Proctotrupidae	Family
738	723	Roproniidae	Family
739	723	Scelionidae	Family
740	723	Serphitidae	Family
741	723	Stigmaphronidae	Family
742	723	Vanhorniidae	Family
743	669	Trigonalyoidea	Superfamily
744	743	Trigonalyidae	Family
745	618	Palaeocynipidae	Family
746	618	Rasnitsyniidae	Family
747	618	Symphyta	Suborder
748	747	Cephoidea	Superfamily
749	748	Cephidae	Family
750	748	Sepulcidae	Family
751	747	Megalodontesoidea	Superfamily
752	751	Anaxyelidae	Family
753	751	Megalodontesidae	Family
754	751	Pamphiliidae	Family
755	747	Orussoidea	Superfamily
756	755	Orussidae	Family
757	755	Paroryssidae	Family
758	755	Sinoryssidae	Family
759	747	Siricoidea	Superfamily
760	759	Daohugoidae	Family
761	759	Gigasiricidae	Family
762	759	Pararchexyelidae	Family
763	759	Siricidae	Family
764	759	Xiphydriidae	Family
765	747	Tenthredinoidea	Superfamily
766	765	Argidae	Family
767	765	Blasticotomidae	Family
768	765	Cimbicidae	Family
769	765	Diprionidae	Family
770	765	Electrotomidae	Family
771	765	Pergidae	Family
772	765	Tenthredinidae	Family
773	765	Xyelotomidae	Family
774	747	Xyeloidea	Superfamily
775	774	Xyelidae	Family
776	774	Xyelydidae	Family
777	98	Isoptera	Order
778	98	Lepidoptera	Order
779	778	Aglossata	Suborder
780	779	Agathiphagoidea	Superfamily
781	780	Agathiphagidae	Family
782	778	Glossata	Suborder
783	782	Dacnonypha	Infraorder
784	783	Eriocranioidea	Superfamily
785	784	Acanthopteroctetidae	Family
786	784	Eriocraniidae	Family
787	783	Lophocoronoidea	Superfamily
788	787	Lophocoronidae	Family
789	782	Exoporia	Infraorder
790	789	Hepialoidea	Superfamily
791	790	Hepialidae	Family
792	790	Neotheoridae	Family
793	790	Palaeosetidae	Family
794	790	Prototheoridae	Family
795	789	Mnesarchaeoidea	Superfamily
796	795	Mnesarchaeidae	Family
797	782	Heteroneura	Infraorder
798	797	Alucitoidea	Superfamily
799	798	Alucitidae	Family
800	798	Tineodidae	Family
801	797	Bombycoidea	Superfamily
802	801	Anthelidae	Family
803	801	Apatelodidae	Family
804	801	Bombycidae	Family
805	801	Brahmaeidae	Family
806	801	Cercophanidae	Family
807	801	Endromidae	Family
808	801	Eupterotidae	Family
809	801	Lasiocampidae	Family
810	801	Lemoniidae	Family
811	801	Oxytenidae	Family
812	801	Saturniidae	Family
813	797	Castnioidea	Superfamily
814	813	Castniidae	Family
815	797	Copromorphoidea	Superfamily
816	815	Carposinidae	Family
817	815	Copromorphidae	Family
818	797	Cossoidea	Superfamily
819	818	Chrysopolomidae	Family
820	818	Cossidae	Family
821	818	Dalceridae	Family
822	818	Limacodidae	Family
823	818	Megalopygidae	Family
824	818	Metarbelidae	Family
825	818	Ratardidae	Family
826	797	Epermenioidea	Superfamily
827	826	Epermeniidae	Family
828	797	Gelechioidea	Superfamily
829	828	Agonoxenidae	Family
830	828	Blastobasidae	Family
831	828	Coleophoridae	Family
832	828	Cosmopterigidae	Family
833	828	Elachistidae	Family
834	828	Ethmiidae	Family
835	828	Gelechiidae	Family
836	828	Holcopogonidae	Family
837	828	Lecithoceridae	Family
838	828	Metachandidae	Family
839	828	Momphidae	Family
840	828	Oecophoridae	Family
841	828	Pterolonchidae	Family
842	828	Scythridae	Family
843	828	Symmocidae	Family
844	797	Geometroidea	Superfamily
845	844	Apoprogonidae	Family
846	844	Callidulidae	Family
847	844	Cimeliidae	Family
848	844	Cyclidiidae	Family
849	844	Drepanidae	Family
850	844	Epicopeiidae	Family
851	844	Epiplemidae	Family
852	844	Geometridae	Family
853	844	Pterothysanidae	Family
854	844	Sematuridae	Family
855	844	Thyatiridae	Family
856	844	Uraniidae	Family
857	797	Immoidea	Superfamily
858	857	Immidae	Family
859	797	Incurvarioidea	Superfamily
860	859	Adelidae	Family
861	859	Cecidosidae	Family
862	859	Crinopterygidae	Family
863	859	Heliozelidae	Family
864	859	Incurvariidae	Family
865	859	Prodoxidae	Family
866	797	Mimallonoidea	Superfamily
867	866	Mimallonidae	Family
868	797	Nepticuloidea	Superfamily
869	868	Nepticulidae	Family
870	868	Opostegidae	Family
871	797	Noctuoidea	Superfamily
872	871	Agaristidae	Family
873	871	Arctiidae	Family
874	871	Cocytiidae	Family
875	871	Ctenuchidae	Family
876	871	Dilobidae	Family
877	871	Dioptidae	Family
878	871	Lymantriidae	Family
879	871	Noctuidae	Family
880	871	Nolidae	Family
881	871	Notodontidae	Family
882	871	Thaumetopoeidae	Family
883	871	Thyretidae	Family
884	797	Palaephatoidea	Superfamily
885	884	Palaephatidae	Family
886	797	Papilionoidea	Superfamily
887	886	Hesperiidae	Family
888	886	Lycaenidae	Family
889	886	Nymphalidae	Family
890	886	Papilionidae	Family
891	886	Pieridae	Family
892	797	Pyraloidea	Superfamily
893	892	Hyblaeidae	Family
894	892	Lathrotelidae	Family
895	892	Pterophoridae	Family
896	892	Pyralidae	Family
897	892	Thyrididae	Family
898	797	Schreckensteinioidea	Superfamily
899	898	Schreckensteiniidae	Family
900	797	Sesioidea	Superfamily
901	900	Brachodidae	Family
902	900	Choreutidae	Family
903	900	Dudgeoneidae	Family
904	900	Sesiidae	Family
905	797	Sphingoidea	Superfamily
906	905	Sphingidae	Family
907	797	Tineoidea	Superfamily
908	907	Arrhenophanidae	Family
909	907	Bucculatrigidae	Family
910	907	Douglasiidae	Family
911	907	Eriocottidae	Family
912	907	Gracillariidae	Family
913	907	Pseudarbelidae	Family
914	907	Psychidae	Family
915	907	Roeslerstammiidae	Family
916	907	Tineidae	Family
917	797	Tischerioidea	Superfamily
918	917	Tischeriidae	Family
919	797	Tortricoidea	Superfamily
920	919	Tortricidae	Family
921	797	Urodoidea	Superfamily
922	921	Urodidae	Family
923	797	Yponomeutoidea	Superfamily
924	923	Argyresthiidae	Family
925	923	Glyphipterigidae	Family
926	923	Heliodinidae	Family
927	923	Lyonetiidae	Family
928	923	Plutellidae	Family
929	923	Yponomeutidae	Family
930	923	Ypsolophidae	Family
931	797	Zygaenoidea	Superfamily
932	931	Anomoeotidae	Family
933	931	Epipyropidae	Family
934	931	Heterogynidae	Family
935	931	Himantopteridae	Family
936	931	Zygaenidae	Family
937	782	Neopseustina	Infraorder
938	937	Neopseustoidea	Superfamily
939	938	Neopseustidae	Family
940	778	Zeugloptera	Suborder
941	940	Micropterigoidea	Superfamily
942	941	Micropterigidae	Family
943	98	Mallophaga	Order
944	98	Mantophasmatodea	Order
945	98	Mecoptera	Order
946	98	Megaloptera	Order
947	98	Megasecoptera	Order
948	98	Miomoptera	Order
949	98	Neuroptera	Order
950	98	Odonata	Order
951	98	Orthoptera	Order
952	951	Phasmida	Suborder
953	951	Saltatoria	Suborder
954	98	Palaeodictyoptera	Order
955	98	Perielytrodea	Order
956	98	Plecoptera	Order
957	98	Protelytroptera	Order
958	98	Protodonata	Order
959	98	Protorthoptera	Order
960	98	Protura	Order
961	98	Psocoptera	Order
962	98	Raphidioptera	Order
963	98	Siphonaptera	Order
964	98	Strepsiptera	Order
965	98	Thysanoptera	Order
966	98	Thysanura	Order
967	98	Titanoptera	Order
968	98	Trichoptera	Order
969	98	Zoraptera	Order
970	9	Merostomata	Class
971	970	Eurypterida	Subclass
972	970	Xiphosura	Subclass
973	9	Myriapoda	Group
974	973	Archipolypoda	Class
975	973	Chilopoda	Class
976	973	Diplopoda	Class
977	973	Pauropoda	Class
978	973	Symphyla	Class
979	9	Pentastomida	Class
980	9	Pycnogonida	Class
981	9	Trilobitomorpha	Subphylum
982	981	Trilobita	Class
983	981	Trilobitoidea	Class
984	1	Brachiopoda	Phylum
985	1	Bryozoa	Phylum
986	1	Chaetognatha	Phylum
987	1	Chordata	Phylum
988	987	Cephalochordata	Subphylum
989	987	Urochordata	Subphylum
990	989	Ascidiacea	Class
991	989	Larvacea	Class
992	989	Thaliacea	Order
993	987	Vertebrata	Subphylum
994	993	Amphibia	Class
995	994	Labyrinthodontia	Subclass
996	995	Anthracosauria	Order
997	995	Ichthyostegalia	Order
998	995	Temnospondyli	Order
999	994	Lasalidae	Subclass
1000	994	Lepospondyli	Subclass
1001	1000	Aistopoda	Order
1002	1000	Microsauria	Order
1003	1000	Nectridea	Order
1004	994	Lissamphibia	Subclass
1005	1004	Anura	Order
1006	1005	Aromobatidae	Family
1007	1005	Arthroleptidae	Family
1008	1005	Brachycephalidae	Family
1009	1005	Bufonidae	Family
1010	1005	Centrolenidae	Family
1011	1005	Dendrobatidae	Family
1012	1005	Discoglossidae	Family
1013	1005	Gobiatidae	Family
1014	1005	Heleophrynidae	Family
1015	1005	Hemisidae	Family
1016	1005	Hylidae	Family
1017	1005	Hyperoliidae	Family
1018	1005	Leiopelmatidae	Family
1019	1005	Leptodactylidae	Family
1020	1005	Microhylidae	Family
1021	1005	Myobatrachidae	Family
1022	1005	Nasikabatrachidae	Family
1023	1005	Notobatrachidae	Family
1024	1005	Palaeobatrachidae	Family
1025	1005	Pelobatidae	Family
1026	1005	Pelodytidae	Family
1027	1005	Pipidae	Family
1028	1005	Prosaliridae	Family
1029	1005	Pseudidae	Family
1030	1005	Ranidae	Family
1031	1005	Rhacophoridae	Family
1032	1005	Rhinodermatidae	Family
1033	1005	Rhinophrynidae	Family
1034	1005	Sooglossidae	Family
1035	1005	Tregobatrachidae	Family
1036	1004	Caudata	Order
1037	1036	Ambystomatidae	Family
1038	1036	Amphiumidae	Family
1039	1036	Batrachosauroididae	Family
1040	1036	Cryptobranchidae	Family
1041	1036	Dicamptodontidae	Family
1042	1036	Hynobiidae	Family
1043	1036	Karauridae	Family
1044	1036	Noterpetontidae	Family
1045	1036	Plethodontidae	Family
1046	1036	Prosirenidae	Family
1047	1036	Proteidae	Family
1048	1036	Salamandridae	Family
1049	1036	Scapherpetontidae	Family
1050	1036	Sirenidae	Family
1051	1004	Gymnophiona	Order
1052	1051	Caeciliidae	Family
1053	1051	Eocaeciliaidae	Family
1054	1051	Ichthyophiidae	Family
1055	1051	Rhinatrematidae	Family
1056	1051	Scolecomorphidae	Family
1057	1051	Typhlonectidae	Family
1058	1004	Proanura	Family
1059	993	Aves	Class
1060	1059	Aepyornithiformes	Order
1061	1059	Alexornithiformes	Order
1062	1059	Ambiortiformes	Order
1063	1059	Anseriformes	Order
1064	1063	Anatidae	Family
1065	1063	Anhimidae	Family
1066	1059	Apodiformes	Order
1067	1066	Apodidae	Family
1068	1066	Hemiprocnidae	Family
1069	1066	Trochilidae	Family
1070	1059	Apterygiformes	Order
1071	1070	Apterygidae	Family
1072	1059	Archaeopterygiformes	Order
1073	1059	Caprimulgiformes	Order
1074	1073	Aegothelidae	Family
1075	1073	Caprimulgidae	Family
1076	1073	Nyctibiidae	Family
1077	1073	Podargidae	Family
1078	1073	Steatornithidae	Family
1079	1059	Casuariiformes	Order
1080	1079	Casuariidae	Family
1081	1079	Dromaiidae	Family
1082	1059	Cathayornithiformes	Order
1083	1059	Chaoyangiformes	Order
1084	1059	Charadriiformes	Order
1085	1084	Alcidae	Family
1086	1084	Burhinidae	Family
1087	1084	Charadriidae	Family
1088	1084	Chionididae	Family
1089	1084	Glareolidae	Family
1090	1084	Haematopodidae	Family
1091	1084	Jacanidae	Family
1092	1084	Laridae	Family
1093	1084	Recurvirostridae	Family
1094	1084	Rostratulidae	Family
1095	1084	Rynchopidae	Family
1096	1084	Scolopacidae	Family
1097	1084	Stercorariidae	Family
1098	1084	Thinocoridae	Family
1099	1059	Ciconiiformes	Order
1100	1099	Ardeidae	Family
1101	1099	Balaenicipitidae	Family
1102	1099	Ciconiidae	Family
1103	1099	Phoenicopteridae	Family
1104	1099	Scopidae	Family
1105	1099	Threskiornithidae	Family
1106	1059	Coliiformes	Order
1107	1106	Coliidae	Family
1108	1059	Columbiformes	Order
1109	1108	Columbidae	Family
1110	1108	Pteroclididae	Family
1111	1108	Raphidae	Family
1112	1059	Confuciusornithiformes	Order
1113	1059	Coraciiformes	Order
1114	1113	Alcedinidae	Family
1115	1113	Brachypteraciidae	Family
1116	1113	Bucerotidae	Family
1117	1113	Coraciidae	Family
1118	1113	Leptosomidae	Family
1119	1113	Meropidae	Family
1120	1113	Momotidae	Family
1121	1113	Phoeniculidae	Family
1122	1113	Todidae	Family
1123	1113	Upupidae	Family
1124	1059	Cuculiformes	Order
1125	1124	Cuculidae	Family
1126	1124	Musophagidae	Family
1127	1124	Opisthocomidae	Family
1128	1059	Diatrymiformes	Order
1129	1059	Dinornithiformes	Family
1130	1059	Enantiornithiformes	Family
1131	1059	Eoenantiornithiformes	Family
1132	1059	Falconiformes	Order
1133	1132	Accipitridae	Family
1134	1132	Cathartidae	Family
1135	1132	Falconidae	Family
1136	1132	Pandionidae	Family
1137	1132	Sagittariidae	Family
1138	1059	Galliformes	Order
1139	1138	Cracidae	Family
1140	1138	Megapodiidae	Family
1141	1138	Phasianidae	Family
1142	1059	Gansuiformes	Order
1143	1059	Gaviiformes	Order
1144	1143	Gaviidae	Family
1145	1059	Gobipterygiformes	Order
1146	1059	Gruiformes	Order
1147	1146	Aramidae	Family
1148	1146	Cariamidae	Family
1149	1146	Gruidae	Family
1150	1146	Heliornithidae	Family
1151	1146	Mesitornithidae	Family
1152	1146	Otididae	Family
1153	1146	Pedionomidae	Family
1154	1146	Psophiidae	Family
1155	1146	Rallidae	Family
1156	1146	Rhynochetidae	Family
1157	1146	Turnicidae	Family
1158	1059	Hesperornithiformes	Order
1159	1059	Iberomesornithiformes	Order
1160	1059	Ichthyornithiformes	Order
1161	1059	Liaoningornithiformes	Order
1162	1059	Limnornithiformes	Order
1163	1059	Lithornithiformes	Order
1164	1059	Longipterygiformes	Order
1165	1059	Omnivoropterygiformes	Order
1166	1059	Palaeocursornithiformes	Order
1167	1059	Passeriformes	Order
1168	1167	Acanthizidae	Family
1169	1167	Aegithalidae	Family
1170	1167	Alaudidae	Family
1171	1167	Artamidae	Family
1172	1167	Atrichornithidae	Family
1173	1167	Bombycillidae	Family
1174	1167	Campephagidae	Family
1175	1167	Certhiidae	Family
1176	1167	Cinclidae	Family
1177	1167	Climacteridae	Family
1178	1167	Coerebidae	Family
1179	1167	Conopophagidae	Family
1180	1167	Corvidae	Family
1181	1167	Cotingidae	Family
1182	1167	Cracticidae	Family
1183	1167	Dendrocolaptidae	Family
1184	1167	Dicaeidae	Family
1185	1167	Dicruridae	Family
1186	1167	Drepanididae	Family
1187	1167	Dulidae	Family
1188	1167	Emberizidae	Family
1189	1167	Eopsaltridae	Family
1190	1167	Estrildidae	Family
1191	1167	Eurylaimidae	Family
1192	1167	Formicariidae	Family
1193	1167	Fringillidae	Family
1194	1167	Furnariidae	Family
1195	1167	Grallinidae	Family
1196	1167	Hirundinidae	Family
1197	1167	Icteridae	Family
1198	1167	Irenidae	Family
1199	1167	Laniidae	Family
1200	1167	Maluridae	Family
1201	1167	Meliphagidae	Family
1202	1167	Menuridae	Family
1203	1167	Mimidae	Family
1204	1167	Monarchidae	Family
1205	1167	Motacillidae	Family
1206	1167	Muscicapidae	Family
1207	1167	Nectariniidae	Family
1208	1167	Oriolidae	Family
1209	1167	Orthonychidae	Family
1210	1167	Oxyruncidae	Family
1211	1167	Pachycephalidae	Family
1212	1167	Panuridae	Family
1213	1167	Paradisaeidae	Family
1214	1167	Paridae	Family
1215	1167	Parulidae	Family
1216	1167	Philepittidae	Family
1217	1167	Phytotomidae	Family
1218	1167	Picathartidae	Family
1219	1167	Pipridae	Family
1220	1167	Pittidae	Family
1221	1167	Platysteiridae	Family
1222	1167	Ploceidae	Family
1223	1167	Polioptilidae	Family
1224	1167	Prunellidae	Family
1225	1167	Ptilonorhynchidae	Family
1226	1167	Pycnonotidae	Family
1227	1167	Remizidae	Family
1228	1167	Rhabdornithidae	Family
1229	1167	Rhinocryptidae	Family
1230	1167	Sittidae	Family
1231	1167	Sturnidae	Family
1232	1167	Sylviidae	Family
1233	1167	Timaliidae	Family
1234	1167	Troglodytidae	Family
1235	1167	Turdidae	Family
1236	1167	Tyrannidae	Family
1237	1167	Vangidae	Family
1238	1167	Vireonidae	Family
1239	1167	Xenicidae	Family
1240	1167	Zosteropidae	Family
1241	1059	Patagopterygiformes	Order
1242	1059	Pelecaniformes	Order
1243	1242	Anhingidae	Family
1244	1242	Fregatidae	Family
1245	1242	Pelecanidae	Family
1246	1242	Phaethontidae	Family
1247	1242	Phalacrocoracidae	Family
1248	1242	Sulidae	Family
1249	1059	Piciformes	Order
1250	1249	Bucconidae	Family
1251	1249	Capitonidae	Family
1252	1249	Galbulidae	Family
1253	1249	Indicatoridae	Family
1254	1249	Picidae	Family
1255	1249	Ramphastidae	Family
1256	1059	Podicipediformes	Order
1257	1256	Podicipedidae	Family
1258	1059	Praeornithiformes	Order
1259	1059	Procellariiformes	Order
1260	1259	Diomedeidae	Family
1261	1259	Hydrobatidae	Family
1262	1259	Pelecanoididae	Family
1263	1259	Procellariidae	Family
1264	1059	Protoaviformes	Order
1265	1059	Psittaciformes	Order
1266	1265	Cacatuidae	Family
1267	1265	Loriidae	Family
1268	1265	Psittacidae	Family
1269	1059	Rheiformes	Order
1270	1269	Rheidae	Family
1271	1059	Sandcoleiformes	Order
1272	1059	Sinosauropterygiformes	Order
1273	1059	Sphenisciformes	Order
1274	1273	Spheniscidae	Family
1275	1059	Strigiformes	Order
1276	1275	Strigidae	Family
1277	1275	Tytonidae	Family
1278	1059	Struthioniformes	Order
1279	1278	Struthionidae	Family
1280	1059	Tinamiformes	Order
1281	1280	Tinamidae	Family
1282	1059	Trogoniformes	Order
1283	1282	Trogonidae	Family
1284	1059	Yandangithformes	Order
1285	1059	Yanornithiformes	Order
1286	993	Mammalia	Class
1287	1286	Aegialodontidae	Family
1288	1286	Anagalida	Order
1289	1286	Apatotheria	Order
1290	1286	Artiodactyla	Order
1291	1290	Agriochoeridae	Family
1292	1290	Amphimerycidae	Family
1293	1290	Anoplotheriidae	Family
1294	1290	Anthracotheriidae	Family
1295	1290	Bovidae	Family
1296	1290	Cainotheriidae	Family
1297	1290	Camelidae	Family
1298	1290	Cebochoeridae	Family
1299	1290	Cervidae	Family
1300	1290	Choeropotamidae	Family
1301	1290	Dichobunidae	Family
1302	1290	Entelodontidae	Family
1303	1290	Gelocidae	Family
1304	1290	Giraffidae	Family
1305	1290	Haplobunodontidae	Family
1306	1290	Helohyidae	Family
1307	1290	Hippopotamidae	Family
1308	1290	Hoplitomerycidae	Family
1309	1290	Hypertragulidae	Family
1310	1290	Leptochoeridae	Family
1311	1290	Leptomerycidae	Family
1312	1290	Merycoidodontidae	Family
1313	1290	Oromerycidae	Family
1314	1290	Palaeomerycidae	Family
1315	1290	Protoceratidae	Family
1316	1290	Suidae	Family
1317	1290	Tayassuidae	Family
1318	1290	Tragulidae	Family
1319	1290	Xiphodontidae	Family
1320	1286	Asiadelphia	Order
1321	1286	Astrapotheria	Order
1322	1286	Ausktribosphenida	Order
1323	1286	Carnivora	Order
1324	1323	Amphicyonidae	Family
1325	1323	Canidae	Family
1326	1323	Desmatophocidae	Family
1327	1323	Enaliarctidae	Family
1328	1323	Felidae	Family
1329	1323	Hyaenidae	Family
1330	1323	Miacidae	Family
1331	1323	Mustelidae	Family
1332	1323	Odobenidae	Family
1333	1323	Otariidae	Family
1334	1323	Palaeogalidae	Family
1335	1323	Phocidae	Family
1336	1323	Procyonidae	Family
1337	1323	Ursidae	Family
1338	1323	Viverravidae	Family
1339	1323	Viverridae	Family
1340	1286	Casamiquelidae	Family
1341	1286	Cetacea	Order
1342	1341	Acrodelphidae	Family
1343	1341	Aetiocetidae	Family
1344	1341	Agorophiidae	Family
1345	1341	Albireonidae	Family
1346	1341	Balaenidae	Family
1347	1341	Balaenopteridae	Family
1348	1341	Basilosauridae	Family
1349	1341	Cetotheriidae	Family
1350	1341	Dalpiazinidae	Family
1351	1341	Delphinidae	Family
1352	1341	Eomysticetidae	Family
1353	1341	Eschrichtiidae	Family
1354	1341	Janjucetidae	Family
1355	1341	Kentriodontidae	Family
1356	1341	Llanocetidae	Family
1357	1341	Monodontidae	Family
1358	1341	Odobenocetopsidae	Family
1359	1341	Phocoenidae	Family
1360	1341	Physeteridae	Family
1361	1341	Platanistidae	Family
1362	1341	Pontoporiidae	Family
1363	1341	Protocetidae	Family
1364	1341	Remingtonocetidae	Family
1365	1341	Rhabdosteidae	Family
1366	1341	Simocetidae	Family
1367	1341	Squalodontidae	Family
1368	1341	Waipatiidae	Family
1369	1341	Zignodelphidae	Family
1370	1341	Ziphiidae	Family
1371	1286	Chiroptera	Order
1372	1371	Craseonycteridae	Family
1373	1371	Emballonuridae	Family
1374	1371	Furipteridae	Family
1375	1371	Icaronycteridae	Family
1376	1371	Megadermatidae	Family
1377	1371	Molossidae	Family
1378	1371	Mormoopidae	Family
1379	1371	Mystacinidae	Family
1380	1371	Myzopodidae	Family
1381	1371	Natalidae	Family
1382	1371	Noctilionidae	Family
1383	1371	Nycteridae	Family
1384	1371	Palaeochiropterygidae	Family
1385	1371	Philisidae	Family
1386	1371	Phyllostomidae	Family
1387	1371	Pteropodidae	Family
1388	1371	Rhinolophidae	Family
1389	1371	Rhinopomatidae	Family
1390	1371	Tanzanycterididae	Family
1391	1371	Thyropteridae	Family
1392	1371	Vespertilionidae	Family
1393	1286	Condylarthra	Order
1394	1286	Creodonta	Order
1395	1286	Deltatheridiidae	Family
1396	1286	Dermoptera	Order
1397	1396	Cynocephalidae	Family
1398	1396	Mixodectidae	Family
1399	1396	Placentidentidae	Family
1400	1396	Plagiomenidae	Family
1401	1286	Desmostylia	Order
1402	1286	Didymoconidae	Family
1403	1286	Dinocerata	Order
1404	1286	Docodonta	Order
1405	1286	Donodontidae	Family
1406	1286	Edentata	Order
1407	1406	Bradypodidae	Family
1408	1406	Choloepidae	Family
1409	1406	Dasypodidae	Family
1410	1406	Entelopidae	Family
1411	1406	Glyptodontidae	Family
1412	1406	Megalonychidae	Family
1413	1406	Megatheriidae	Family
1414	1406	Mylodontidae	Family
1415	1406	Myrmecophagidae	Family
1416	1406	Sudamericidae	Family
1417	1286	Embrithopoda	Order
1418	1286	Epoicotheriidae	Family
1419	1286	Ernanodontidae	Family
1420	1286	Eupantotheria	Order
1421	1286	Gondwanatheriidae	Family
1422	1286	Henosferidae	Family
1423	1286	Hyracoidea	Order
1424	1423	Pliohyracidae	Family
1425	1423	Procaviidae	Family
1426	1286	Insectivora	Order
1427	1426	Amphilemuridae	Family
1428	1426	Ceutholestidae	Family
1429	1426	Changlelestidae	Family
1430	1426	Chrysochloridae	Family
1431	1426	Cymaprimadontidae	Family
1432	1426	Dimylidae	Family
1433	1426	Dormaaliidae	Family
1434	1426	Erinaceidae	Family
1435	1426	Geolabididae	Family
1436	1426	Micropternodontidae	Family
1437	1426	Nesophontidae	Family
1438	1426	Nyctitheriidae	Family
1439	1426	Palaeoryctidae	Family
1440	1426	Plesiosoricidae	Family
1441	1426	Proscalopidae	Family
1442	1426	Solenodontidae	Family
1443	1426	Soricidae	Family
1444	1426	Talpidae	Family
1445	1426	Tenrecidae	Family
1446	1286	Jeholodentidae	Family
1447	1286	Kennalestidae	Family
1448	1286	Lagomorpha	Order
1449	1448	Leporidae	Family
1450	1448	Ochotonidae	Family
1451	1286	Leptictida	Order
1452	1286	Litopterna	Order
1453	1286	Macroscelidea	Order
1454	1453	Macroscelididae	Family
1455	1286	Marsupialia	Order
1456	1455	Argyrolagidae	Family
1457	1455	Bonapartheriidae	Family
1458	1455	Borhyaenidae	Family
1459	1455	Burramyidae	Family
1460	1455	Caenolestidae	Family
1461	1455	Dasyuridae	Family
1462	1455	Didelphidae	Family
1463	1455	Diprotodontidae	Family
1464	1455	Ektopodontidae	Family
1465	1455	Groeberiidae	Family
1466	1455	Ilariidae	Family
1467	1455	Macropodidae	Family
1468	1455	Maradidae	Family
1469	1455	Mayulestidae	Family
1470	1455	Microbiotheriidae	Family
1471	1455	Miralinidae	Family
1472	1455	Necrolestidae	Family
1473	1455	Notoryctidae	Family
1474	1455	Palorchestidae	Family
1475	1455	Patagoniidae	Family
1476	1455	Pediomyidae	Family
1477	1455	Peramelidae	Family
1478	1455	Petauridae	Family
1479	1455	Phalangeridae	Family
1480	1455	Phascolarctidae	Family
1481	1455	Pilkipildridae	Family
1482	1455	Polydolopidae	Family
1483	1455	Sillustaniidae	Family
1484	1455	Stagodontidae	Family
1485	1455	Thylacinidae	Family
1486	1455	Thylacoleonidae	Family
1487	1455	Thylacomyidae	Family
1488	1455	Thylacosmilidae	Family
1489	1455	Vombatidae	Family
1490	1455	Wynyardiidae	Family
1491	1455	Yalkaparidontidae	Family
1492	1286	Mesonychia	Order
1493	1286	Metacheiromyidae	Family
1494	1286	Mingotheriidae	Family
1495	1286	Monotremata	Order
1496	1495	Kollikodontidae	Family
1497	1495	Ornithorhynchidae	Family
1498	1495	Tachyglossidae	Family
1499	1286	Multituberculata	Order
1500	1286	Notopterna	Order
1501	1286	Notoungulata	Order
1502	1286	Pantodonta	Order
1503	1286	Pantolesta	Order
1504	1286	Perissodactyla	Order
1505	1504	Amynodontidae	Family
1506	1504	Brontotheriidae	Family
1507	1504	Chalicotheriidae	Family
1508	1504	Deperetellidae	Family
1509	1504	Eomoropidae	Family
1510	1504	Equidae	Family
1511	1504	Helaletidae	Family
1512	1504	Hyracodontidae	Family
1513	1504	Isectolophidae	Family
1514	1504	Lophialetidae	Family
1515	1504	Lophiodontidae	Family
1516	1504	Palaeotheriidae	Family
1517	1504	Rhinocerotidae	Family
1518	1504	Tapiridae	Family
1519	1286	Pholidota	Order
1520	1519	Manidae	Family
1521	1286	Primates	Order
1522	1521	Adapidae	Family
1523	1521	Archaeolemuridae	Family
1524	1521	Callithricidae	Family
1525	1521	Carpolestidae	Family
1526	1521	Cebidae	Family
1527	1521	Cercopithecidae	Family
1528	1521	Cheirogaleidae	Family
1529	1521	Daubentoniidae	Family
1530	1521	Eosimiidae	Family
1531	1521	Hominidae	Family
1532	1521	Hylobatidae	Family
1533	1521	Indriidae	Family
1534	1521	Lemuridae	Family
1535	1521	Lorisidae	Family
1536	1521	Microsyopidae	Family
1537	1521	Omomyidae	Family
1538	1521	Oreopithecidae	Family
1539	1521	Palaeopropithecidae	Family
1540	1521	Parapithecidae	Family
1541	1521	Paromomyidae	Family
1542	1521	Picrodontidae	Family
1543	1521	Plesiadapidae	Family
1544	1521	Pliopithecidae	Family
1545	1521	Pongidae	Family
1546	1521	Saxonellidae	Family
1547	1521	Tarsiidae	Family
1548	1286	Proboscidea	Order
1549	1548	Anthracobunidae	Family
1550	1548	Barytheriidae	Family
1551	1548	Deinotheriidae	Family
1552	1548	Elephantidae	Family
1553	1548	Gomphotheriidae	Family
1554	1548	Mammutidae	Family
1555	1548	Moeritheriidae	Family
1556	1548	Stegodontidae	Family
1557	1286	Pyrotheria	Order
1558	1286	Repenomamidae	Family
1559	1286	Rodentia	Order
1560	1559	Abrocomidae	Family
1561	1559	Agoutidae	Family
1562	1559	Alagomyidae	Family
1563	1559	Anomaluridae	Family
1564	1559	Aplodontidae	Family
1565	1559	Archetypomyidae	Family
1566	1559	Armintomyidae	Family
1567	1559	Bathyergidae	Family
1568	1559	Capromyidae	Family
1569	1559	Castoridae	Family
1570	1559	Caviidae	Family
1571	1559	Chapattimyidae	Family
1572	1559	Chinchillidae	Family
1573	1559	Cocomyidae	Family
1574	1559	Ctenodactylidae	Family
1575	1559	Ctenomyidae	Family
1576	1559	Cylindrodontidae	Family
1577	1559	Dasyproctidae	Family
1578	1559	Diamantomyidae	Family
1579	1559	Dinomyidae	Family
1580	1559	Dipodidae	Family
1581	1559	Distylomyidae	Family
1582	1559	Echimyidae	Family
1583	1559	Eocardiidae	Family
1584	1559	Eomyidae	Family
1585	1559	Erethizontidae	Family
1586	1559	Eutypomyidae	Family
1587	1559	Florentiamyidae	Family
1588	1559	Geomyidae	Family
1589	1559	Gliridae	Family
1590	1559	Gobiomyidae	Family
1591	1559	Heptaxodontidae	Family
1592	1559	Heteromyidae	Family
1593	1559	Hydrochaeridae	Family
1594	1559	Hystricidae	Family
1595	1559	Ischyromyidae	Family
1596	1559	Ivanantoniidae	Family
1597	1559	Kenyamyidae	Family
1598	1559	Laonastidae	Family
1599	1559	Laredomyidae	Family
1600	1559	Muridae	Family
1601	1559	Mylagaulidae	Family
1602	1559	Myocastoridae	Family
1603	1559	Myophiomyidae	Family
1604	1559	Octodontidae	Family
1605	1559	Orogomyidae	Family
1606	1559	Paramyidae	Family
1607	1559	Pedetidae	Family
1608	1559	Petromyidae	Family
1609	1559	Phiomyidae	Family
1610	1559	Protoptychidae	Family
1611	1559	Sciuravidae	Family
1612	1559	Sciuridae	Family
1613	1559	Seleviniidae	Family
1614	1559	Simimyidae	Family
1615	1559	Theridomyidae	Family
1616	1559	Thryonomyidae	Family
1617	1559	Tsaganomyidae	Family
1618	1559	Zapodidae	Family
1619	1559	Zegdoumyidae	Family
1620	1559	Zelomyidae	Family
1621	1286	Scandentia	Order
1622	1621	Tupaiidae	Family
1623	1286	Sirenia	Order
1624	1623	Dugongidae	Family
1625	1623	Prorastomidae	Family
1626	1623	Protosirenidae	Family
1627	1623	Trichechidae	Family
1628	1286	Symmetrodonta	Order
1629	1286	Taeniodonta	Order
1630	1286	Tegotheridia	Order
1631	1286	Theroteinidae	Family
1632	1286	Tillodontia	Order
1633	1286	Todralestidae	Family
1634	1286	Triconodonta	Order
1635	1286	Tubulidentata	Order
1636	1635	Orycteropodidae	Family
1637	1286	Volaticotheria	Order
1638	1286	Xenungulata	Order
1639	1286	Yingabalanaridae	Family
1640	1286	Zalambdalestidae	Family
1641	993	Pisces	Group
1642	1641	Acanthodii	Class
1643	1641	Agnatha	Group
1644	1643	Cephalaspidomorphi	Class
1645	1644	Anaspidiformes	Order
1646	1644	Cephalaspidiformes	Order
1647	1644	Petromyzontiformes	Order
1648	1643	Furcacaudiformes	Order
1649	1643	Myxini	Class
1650	1649	Myxiniformes	Order
1651	1643	Pituriaspida	Class
1652	1643	Pteraspidomorphi	Class
1653	1652	Galeaspidiformes	Order
1654	1652	Pteraspidiformes	Order
1655	1652	Thelodontiformes	Order
1656	1641	Chondrichthyes	Class
1657	1656	Elasmobranchii	Subclass
1658	1657	Carcharhiniformes	Order
1659	1658	Carcharhinidae	Family
1660	1658	Hemigaleidae	Family
1661	1658	Leptochariidae	Family
1662	1658	Proscylliidae	Family
1663	1658	Pseudotriakidae	Family
1664	1658	Scyliorhinidae	Family
1665	1658	Sphyrnidae	Family
1666	1658	Triakidae	Family
1667	1657	Cladodontiformes	Order
1668	1657	Cladoselachiformes	Order
1669	1657	Ctenacanthiformes	Order
1670	1657	Heterodontiformes	Order
1671	1670	Heterodontidae	Family
1672	1657	Hexanchiformes	Order
1673	1672	Chlamydoselachidae	Family
1674	1672	Eonotidanidae	Family
1675	1672	Hexanchidae	Family
1676	1657	Hybodontiformes	Order
1677	1657	Lamniformes	Order
1678	1677	Alopiidae	Family
1679	1677	Cardabiodontidae	Family
1680	1677	Cetorhinidae	Family
1681	1677	Lamnidae	Family
1682	1677	Megachasmidae	Family
1683	1677	Odontaspididae	Family
1684	1657	Lugalepidida	Order
1685	1657	Mongolepidida	Order
1686	1657	Myliobatiformes	Order
1687	1686	Dasyatidae	Family
1688	1686	Distobatidae	Family
1689	1686	Gymnuridae	Family
1690	1686	Hexatrygonidae	Family
1691	1686	Mobulidae	Family
1692	1686	Myliobatidae	Family
1693	1686	Plesiobatididae	Family
1694	1686	Potamotrygonidae	Family
1695	1686	Urolophidae	Family
1696	1686	Zygzabatidae	Family
1697	1657	Orectolobiformes	Order
1698	1697	Brachaeluridae	Family
1699	1697	Ginglymostomatidae	Family
1700	1697	Hemiscylliidae	Family
1701	1697	Orectolobidae	Family
1702	1697	Parascylliidae	Family
1703	1697	Rhincodontidae	Family
1704	1697	Stegostomatidae	Family
1705	1657	Pristiformes	Order
1706	1705	Pristidae	Family
1707	1657	Pristiophoriformes	Order
1708	1707	Pristiophoridae	Family
1709	1657	Rajiformes	Order
1710	1709	Anacanthobatidae	Family
1711	1709	Archaeobatidae	Family
1712	1709	Hypsobatidae	Family
1713	1709	Platyrhinidae	Family
1714	1709	Rajidae	Family
1715	1709	Rhinobatidae	Family
1716	1657	Squaliformes	Order
1717	1716	Echinorhinidae	Family
1718	1716	Squalidae	Family
1719	1657	Squatiniformes	Order
1720	1719	Squatinidae	Family
1721	1657	Torpediniformes	Order
1722	1721	Narkidae	Family
1723	1721	Torpedinidae	Family
1724	1657	Xenacanthiformes	Order
1725	1656	Holocephali	Subclass
1726	1725	Chimaeriformes	Order
1727	1726	Callorhynchidae	Family
1728	1726	Chimaeridae	Family
1729	1726	Cochliodontidae	Family
1730	1726	Echinochimaeridae	Family
1731	1726	Menaspidae	Family
1732	1726	Rhinochimaeridae	Family
1733	1725	Chondrenchelyiformes	Order
1734	1725	Copodontiformes	Order
1735	1725	Edestiformes	Order
1736	1725	Helodontiformes	Order
1737	1725	Iniopterygiformes	Order
1738	1725	Myriacanthiformes	Order
1739	1725	Petalodontiformes	Order
1740	1725	Psammodontiformes	Order
1741	1641	Osteichthyes	Group
1742	1741	Actinopterygii	Class
1743	1742	Acipenseriformes	Order
1744	1743	Acipenseridae	Family
1745	1743	Chondrosteidae	Family
1746	1743	Errolichthyidae	Family
1747	1743	Polyodontidae	Family
1748	1742	Albuliformes	Order
1749	1748	Albulidae	Family
1750	1748	Osmeroididae	Family
1751	1748	Phyllodontidae	Family
1752	1742	Amiiformes	Order
1753	1752	Amiidae	Family
1754	1752	Caturidae	Family
1755	1752	Parasemionotidae	Family
1756	1742	Anguilliformes	Order
1757	1756	Anguillavidae	Family
1758	1756	Anguillidae	Family
1759	1756	Anguilloididae	Family
1760	1756	Chlopsidae	Family
1761	1756	Colocongridae	Family
1762	1756	Congridae	Family
1763	1756	Derichthyidae	Family
1764	1756	Heterenchelyidae	Family
1765	1756	Libanechelyidae	Family
1766	1756	Milananguillidae	Family
1767	1756	Moringuidae	Family
1768	1756	Muraenesocidae	Family
1769	1756	Muraenidae	Family
1770	1756	Myrocongridae	Family
1771	1756	Nemichthyidae	Family
1772	1756	Nettastomatidae	Family
1773	1756	Ophichthidae	Family
1774	1756	Paranguillidae	Family
1775	1756	Patavichthidae	Family
1776	1756	Serrivomeridae	Family
1777	1756	Synaphobranchidae	Family
1778	1756	Urenchelyidae	Family
1779	1742	Aspidorhynchiformes	Order
1780	1742	Atheriniformes	Order
1781	1780	Atherinidae	Family
1782	1780	Phallostethidae	Family
1783	1742	Aulopiformes	Order
1784	1783	Alepisauridae	Family
1785	1783	Anotopteridae	Family
1786	1783	Aulopidae	Family
1787	1783	Cheirothricidae	Family
1788	1783	Chlorophthalmidae	Family
1789	1783	Cimolichthyidae	Family
1790	1783	Dercetidae	Family
1791	1783	Enchodontidae	Family
1792	1783	Eurypholidae	Family
1793	1783	Evermannellidae	Family
1794	1783	Giganturidae	Family
1795	1783	Halecidae	Family
1796	1783	Ichthyotringidae	Family
1797	1783	Notosudidae	Family
1798	1783	Omosudidae	Family
1799	1783	Paralepididae	Family
1800	1783	Paraulopidae	Family
1801	1783	Pseudotrichonotidae	Family
1802	1783	Scopelarchidae	Family
1803	1783	Serrilepidae	Family
1804	1783	Synodontidae	Family
1805	1783	Tomognathidae	Family
1806	1742	Batrachoidiformes	Order
1807	1806	Batrachoididae	Family
1808	1742	Beloniformes	Order
1809	1808	Adrianichthyidae	Family
1810	1808	Belonidae	Family
1811	1808	Exocoetidae	Family
1812	1808	Forficidae	Family
1813	1808	Hemiramphidae	Family
1814	1808	Scomberesocidae	Family
1815	1742	Beryciformes	Order
1816	1815	Aipichthyidae	Family
1817	1815	Anomalopidae	Family
1818	1815	Anoplogastridae	Family
1819	1815	Araripichthyidae	Family
1820	1815	Berycidae	Family
1821	1815	Dinopterygidae	Family
1822	1815	Diretmidae	Family
1823	1815	Gibberichthyidae	Family
1824	1815	Hispidoberycidae	Family
1825	1815	Holocentridae	Family
1826	1815	Melamphaidae	Family
1827	1815	Monocentridae	Family
1828	1815	Pharmacichthyidae	Family
1829	1815	Polymixiidae	Family
1830	1815	Pycnosteroididae	Family
1831	1815	Stephanoberycidae	Family
1832	1815	Stichocentridae	Family
1833	1815	Trachichthyidae	Family
1834	1742	Cetomimiformes	Order
1835	1834	Barbourisiidae	Family
1836	1834	Cetomimidae	Family
1837	1834	Rondeletiidae	Family
1838	1742	Characiformes	Order
1839	1838	Alestiidae	Family
1840	1838	Characidae	Family
1841	1838	Citharinidae	Family
1842	1838	Ctenoluciidae	Family
1843	1838	Curimatidae	Family
1844	1838	Cynodontidae	Family
1845	1838	Erythrinidae	Family
1846	1838	Gasteropelecidae	Family
1847	1838	Hemiodontidae	Family
1848	1838	Hepsetidae	Family
1849	1838	Lebiasinidae	Family
1850	1838	Salminopsidae	Family
1851	1838	Sorbinicharacidae	Family
1852	1742	Clupeiformes	Order
1853	1852	Chirocentridae	Family
1854	1852	Clupeidae	Family
1855	1852	Denticipitidae	Family
1856	1852	Engraulidae	Family
1857	1742	Ctenothrissiformes	Order
1858	1742	Cypriniformes	Order
1859	1858	Balitoridae	Family
1860	1858	Catostomidae	Family
1861	1858	Cobitidae	Family
1862	1858	Cyprinidae	Family
1863	1858	Gyrinocheilidae	Family
1864	1858	Psilorhynchidae	Family
1865	1742	Cyprinodontiformes	Order
1866	1865	Anablepidae	Family
1867	1865	Aplocheilidae	Family
1868	1865	Cyprinodontidae	Family
1869	1865	Goodeidae	Family
1870	1865	Poeciliidae	Family
1871	1742	Ellimmichthyiformes	Order
1872	1742	Elopiformes	Order
1873	1872	Crossognathidae	Family
1874	1872	Elopidae	Family
1875	1872	Megalopidae	Family
1876	1872	Notelopidae	Family
1877	1872	Pachyrhizodontidae	Family
1878	1742	Gadiformes	Order
1879	1878	Bregmacerotidae	Family
1880	1878	Euclichthyidae	Family
1881	1878	Gadidae	Family
1882	1878	Lotidae	Family
1883	1878	Macrouridae	Family
1884	1878	Mcconichthyidae	Family
1885	1878	Melanonidae	Family
1886	1878	Merlucciidae	Family
1887	1878	Moridae	Family
1888	1878	Muraenolepididae	Family
1889	1878	Phycidae	Family
1890	1742	Gasterosteiformes	Order
1891	1890	Aulorhamphidae	Family
1892	1890	Gasterosteidae	Family
1893	1890	Hypoptychidae	Family
1894	1890	Indostomidae	Family
1895	1890	Pegasidae	Family
1896	1742	Gobiesociformes	Order
1897	1896	Gobiesocidae	Family
1898	1742	Gonorynchiformes	Order
1899	1898	Apulichthyidae	Family
1900	1898	Chanidae	Family
1901	1898	Charitosomidae	Family
1902	1898	Gonorynchidae	Family
1903	1898	Judeichthyidae	Family
1904	1898	Kneriidae	Family
1905	1898	Phractolaemidae	Family
1906	1742	Guildayichthyiformes	Order
1907	1742	Gymnotiformes	Order
1908	1907	Gymnotidae	Family
1909	1742	Haplolepidiformes	Order
1910	1742	Ichthyodectiformes	Order
1911	1742	Lampriformes	Order
1912	1911	Ateleopodidae	Family
1913	1911	Lampridae	Family
1914	1911	Lophotidae	Family
1915	1911	Megalomycteridae	Family
1916	1911	Mirapinnidae	Family
1917	1911	Radiicephalidae	Family
1918	1911	Regalecidae	Family
1919	1911	Trachipteridae	Family
1920	1911	Turkmenidae	Family
1921	1911	Veliferidae	Family
1922	1742	Lepisosteiformes	Order
1923	1922	Lepisosteidae	Family
1924	1742	Leptolepidiformes	Order
1925	1742	Lophiiformes	Order
1926	1925	Antennariidae	Family
1927	1925	Brachionichthyidae	Family
1928	1925	Caulophrynidae	Family
1929	1925	Centrophrynidae	Family
1930	1925	Ceratiidae	Family
1931	1925	Chaunacidae	Family
1932	1925	Diceratiidae	Family
1933	1925	Gigantactinidae	Family
1934	1925	Himantolophidae	Family
1935	1925	Linophrynidae	Family
1936	1925	Lophichthyidae	Family
1937	1925	Lophiidae	Family
1938	1925	Melanocetidae	Family
1939	1925	Neoceratiidae	Family
1940	1925	Ogcocephalidae	Family
1941	1925	Oneirodidae	Family
1942	1925	Tetrabrachiidae	Family
1943	1925	Thaumatichthyidae	Family
1944	1742	Luganoiiformes	Order
1945	1742	Macrosemiiformes	Order
1946	1742	Myctophiformes	Order
1947	1946	Myctophidae	Family
1948	1946	Neoscopelidae	Family
1949	1946	Sardinioididae	Family
1950	1742	Notacanthiformes	Order
1951	1950	Halosauridae	Family
1952	1950	Lipogenyidae	Family
1953	1950	Notacanthidae	Family
1954	1742	Ophidiiformes	Order
1955	1954	Aphyonidae	Family
1956	1954	Bythitidae	Family
1957	1954	Carapidae	Family
1958	1954	Ophidiidae	Family
1959	1742	Osteoglossiformes	Order
1960	1959	Hiodontidae	Family
1961	1959	Lycopteridae	Family
1962	1959	Mormyridae	Family
1963	1959	Notopteridae	Family
1964	1959	Osteoglossidae	Family
1965	1959	Pantodontidae	Family
1966	1959	Singididae	Family
1967	1959	Wakinoichthiidae	Family
1968	1742	Pachycormiformes	Order
1969	1742	Palaeonisciformes	Order
1970	1742	Pattersonichthyiformes	Order
1971	1742	Peltopleuriformes	Order
1972	1742	Perciformes	Order
1973	1972	Acanthoclinidae	Family
1974	1972	Acanthuridae	Family
1975	1972	Acropomatidae	Family
1976	1972	Amarsipidae	Family
1977	1972	Ambassidae	Family
1978	1972	Ammodytidae	Family
1979	1972	Amphistiidae	Family
1980	1972	Anabantidae	Family
1981	1972	Anarhichadidae	Family
1982	1972	Aplodactylidae	Family
1983	1972	Apogonidae	Family
1984	1972	Arambourgellidae	Family
1985	1972	Ariommatidae	Family
1986	1972	Arripidae	Family
1987	1972	Asianthidae	Family
1988	1972	Bathyclupeidae	Family
1989	1972	Bathydraconidae	Family
1990	1972	Bathymasteridae	Family
1991	1972	Belontiidae	Family
1992	1972	Blenniidae	Family
1993	1972	Bovichtidae	Family
1994	1972	Bramidae	Family
1995	1972	Caesionidae	Family
1996	1972	Callanthiidae	Family
1997	1972	Callionymidae	Family
1998	1972	Carangidae	Family
1999	1972	Caristiidae	Family
2000	1972	Centracanthidae	Family
2001	1972	Centrarchidae	Family
2002	1972	Centrogeniidae	Family
2003	1972	Centrolophidae	Family
2004	1972	Centropomidae	Family
2005	1972	Cepolidae	Family
2006	1972	Chaenopsidae	Family
2007	1972	Chaetodontidae	Family
2008	1972	Champsodontidae	Family
2009	1972	Channichthyidae	Family
2010	1972	Channidae	Family
2011	1972	Cheilodactylidae	Family
2012	1972	Chiasmodontidae	Family
2013	1972	Chironemidae	Family
2014	1972	Cichlidae	Family
2015	1972	Cirrhitidae	Family
2016	1972	Clinidae	Family
2017	1972	Coracinidae	Family
2018	1972	Coryphaenidae	Family
2019	1972	Creediidae	Family
2020	1972	Cryptacanthodidae	Family
2021	1972	Dactyloscopidae	Family
2022	1972	Dinolestidae	Family
2023	1972	Dinopercidae	Family
2024	1972	Draconettidae	Family
2025	1972	Drepaneidae	Family
2026	1972	Echeneidae	Family
2027	1972	Elassomatidae	Family
2028	1972	Eleotridae	Family
2029	1972	Embiotocidae	Family
2030	1972	Emmelichthyidae	Family
2031	1972	Eocottidae	Family
2032	1972	Ephippidae	Family
2033	1972	Epigonidae	Family
2034	1972	Gempylidae	Family
2035	1972	Gerreidae	Family
2036	1972	Glaucosomatidae	Family
2037	1972	Gobiidae	Family
2038	1972	Grammatidae	Family
2039	1972	Haemulidae	Family
2040	1972	Harpagiferidae	Family
2041	1972	Helostomatidae	Family
2042	1972	Hemingwayidae	Family
2043	1972	Icosteidae	Family
2044	1972	Inermiidae	Family
2045	1972	Istiophoridae	Family
2046	1972	Kraemeriidae	Family
2047	1972	Kuhliidae	Family
2048	1972	Kurtidae	Family
2049	1972	Kushlukiidae	Family
2050	1972	Kyphosidae	Family
2051	1972	Labridae	Family
2052	1972	Labrisomidae	Family
2053	1972	Lactariidae	Family
2054	1972	Latridae	Family
2055	1972	Leiognathidae	Family
2056	1972	Leptobramidae	Family
2057	1972	Leptoscopidae	Family
2058	1972	Lethrinidae	Family
2059	1972	Lobotidae	Family
2060	1972	Luciocephalidae	Family
2061	1972	Lutjanidae	Family
2062	1972	Luvaridae	Family
2063	1972	Malacanthidae	Family
2064	1972	Massalongiidae	Family
2065	1972	Menidae	Family
2066	1972	Microdesmidae	Family
2067	1972	Monodactylidae	Family
2068	1972	Moronidae	Family
2069	1972	Mugilidae	Family
2070	1972	Mullidae	Family
2071	1972	Nandidae	Family
2072	1972	Nardoichthyidae	Family
2073	1972	Nematistiidae	Family
2074	1972	Nemipteridae	Family
2075	1972	Nomeidae	Family
2076	1972	Notograptidae	Family
2077	1972	Nototheniidae	Family
2078	1972	Odacidae	Family
2079	1972	Opistognathidae	Family
2080	1972	Oplegnathidae	Family
2081	1972	Osphronemidae	Family
2082	1972	Palaeorhynchidae	Family
2083	1972	Parascorpididae	Family
2084	1972	Pempheridae	Family
2085	1972	Pentacerotidae	Family
2086	1972	Percichthyidae	Family
2087	1972	Percidae	Family
2088	1972	Percophidae	Family
2089	1972	Pholidae	Family
2090	1972	Pholidichthyidae	Family
2091	1972	Pinguipedidae	Family
2092	1972	Plesiopidae	Family
2093	1972	Polynemidae	Family
2094	1972	Polyprionidae	Family
2095	1972	Pomacanthidae	Family
2096	1972	Pomacentridae	Family
2097	1972	Pomatomidae	Family
2098	1972	Priacanthidae	Family
2099	1972	Pseudochromidae	Family
2100	1972	Ptilichthyidae	Family
2101	1972	Quasimullidae	Family
2102	1972	Repropcidae	Family
2103	1972	Rhyacichthyidae	Family
2104	1972	Scaridae	Family
2105	1972	Scatophagidae	Family
2106	1972	Schindleriidae	Family
2107	1972	Sciaenidae	Family
2108	1972	Scombridae	Family
2109	1972	Scombrolabracidae	Family
2110	1972	Scombropidae	Family
2111	1972	Scytalinidae	Family
2112	1972	Serranidae	Family
2113	1972	Siganidae	Family
2114	1972	Sillaginidae	Family
2115	1972	Sparidae	Family
2116	1972	Sphyraenidae	Family
2117	1972	Stichaeidae	Family
2118	1972	Stromateidae	Family
2119	1972	Symphysanodontidae	Family
2120	1972	Terapontidae	Family
2121	1972	Tetragonuridae	Family
2122	1972	Toxotidae	Family
2123	1972	Trachinidae	Family
2124	1972	Trichiuridae	Family
2125	1972	Trichodontidae	Family
2126	1972	Trichonotidae	Family
2127	1972	Tripterygiidae	Family
2128	1972	Trispinacidae	Family
2129	1972	Uranoscopidae	Family
2130	1972	Xenisthmidae	Family
2131	1972	Xiphiidae	Family
2132	1972	Zoarcidae	Family
2133	1972	Zorzinichthyidae	Family
2134	1742	Percopsiformes	Order
2135	2134	Amblyopsidae	Family
2136	2134	Aphredoderidae	Family
2137	2134	Percopsidae	Family
2138	2134	Sphenocephalidae	Family
2139	1742	Perleidiformes	Order
2140	1742	Phanerorhynchiformes	Order
2141	1742	Pholidophoriformes	Order
2142	1742	Pholidopleuriformes	Order
2143	1742	Pleuronectiformes	Order
2144	2143	Achiridae	Family
2145	2143	Achiropsettidae	Family
2146	2143	Bothidae	Family
2147	2143	Citharidae	Family
2148	2143	Cynoglossidae	Family
2149	2143	Paralichthyidae	Family
2150	2143	Pleuronectidae	Family
2151	2143	Psettodidae	Family
2152	2143	Scophthalmidae	Family
2153	2143	Soleidae	Family
2154	1742	Polypteriformes	Order
2155	2154	Polypteridae	Family
2156	1742	Ptycholepiformes	Order
2157	1742	Pycnodontiformes	Order
2158	1742	Redfieldiiformes	Order
2159	1742	Saccopharyngiformes	Order
2160	2159	Cyematidae	Family
2161	2159	Eurypharyngidae	Family
2162	2159	Monognathidae	Family
2163	2159	Saccopharyngidae	Family
2164	1742	Salmoniformes	Order
2165	2164	Alepocephalidae	Family
2166	2164	Argentinidae	Family
2167	2164	Bathylagidae	Family
2168	2164	Bernardichthyidae	Family
2169	2164	Esocidae	Family
2170	2164	Galaxiidae	Family
2171	2164	Lepidogalaxiidae	Family
2172	2164	Leptochilichthyidae	Family
2173	2164	Microstomatidae	Family
2174	2164	Opisthoproctidae	Family
2175	2164	Osmeridae	Family
2176	2164	Pattersonellidae	Family
2177	2164	Platytroctidae	Family
2178	2164	Plecoglossidae	Family
2179	2164	Retropinnidae	Family
2180	2164	Salangidae	Family
2181	2164	Salmonidae	Family
2182	2164	Umbridae	Family
2183	1742	Saurichthyiformes	Order
2184	1742	Scanilepiformes	Order
2185	1742	Scorpaeniformes	Order
2186	2185	Agonidae	Family
2187	2185	Anoplopomatidae	Family
2188	2185	Aploactinidae	Family
2189	2185	Bathylutichthyidae	Family
2190	2185	Bembridae	Family
2191	2185	Caracanthidae	Family
2192	2185	Comephoridae	Family
2193	2185	Congiopodidae	Family
2194	2185	Cottidae	Family
2195	2185	Cottocomephoridae	Family
2196	2185	Cyclopteridae	Family
2197	2185	Dactylopteridae	Family
2198	2185	Ereuniidae	Family
2199	2185	Gnathanacanthidae	Family
2200	2185	Hexagrammidae	Family
2201	2185	Hoplichthyidae	Family
2202	2185	Pataecidae	Family
2203	2185	Platycephalidae	Family
2204	2185	Psychrolutidae	Family
2205	2185	Scorpaenidae	Family
2206	2185	Triglidae	Family
2207	1742	Semionotiformes	Order
2208	1742	Siluriformes	Order
2209	2208	Ageneiosidae	Family
2210	2208	Akysidae	Family
2211	2208	Amblycipitidae	Family
2212	2208	Amphiliidae	Family
2213	2208	Andinichthyidae	Family
2214	2208	Ariidae	Family
2215	2208	Aspredinidae	Family
2216	2208	Astroblepidae	Family
2217	2208	Auchenipteridae	Family
2218	2208	Bagridae	Family
2219	2208	Callichthyidae	Family
2220	2208	Cetopsidae	Family
2221	2208	Chacidae	Family
2222	2208	Clariidae	Family
2223	2208	Cranoglanididae	Family
2224	2208	Diplomystidae	Family
2225	2208	Doradidae	Family
2226	2208	Helogeneidae	Family
2227	2208	Heteropneustidae	Family
2228	2208	Hypophthalmidae	Family
2229	2208	Ictaluridae	Family
2230	2208	Lacantuniidae	Family
2231	2208	Loricariidae	Family
2232	2208	Malapteruridae	Family
2233	2208	Mochokidae	Family
2234	2208	Olyridae	Family
2235	2208	Pangasiidae	Family
2236	2208	Parakysidae	Family
2237	2208	Pimelodidae	Family
2238	2208	Plotosidae	Family
2239	2208	Schilbeidae	Family
2240	2208	Scoloplacidae	Family
2241	2208	Siluridae	Family
2242	2208	Sisoridae	Family
2243	2208	Trichomycteridae	Family
2244	1742	Sorbininardiformes	Order
2245	1742	Stomiiformes	Order
2246	2245	Astronesthidae	Family
2247	2245	Chauliodontidae	Family
2248	2245	Gonostomatidae	Family
2249	2245	Idiacanthidae	Family
2250	2245	Malacosteidae	Family
2251	2245	Melanostomiidae	Family
2252	2245	Phosichthyidae	Family
2253	2245	Protostomiidae	Family
2254	2245	Sternoptychidae	Family
2255	2245	Stomiidae	Family
2256	1742	Synbranchiformes	Order
2257	2256	Chaudhuriidae	Family
2258	2256	Mastacembelidae	Family
2259	2256	Synbranchidae	Family
2260	1742	Syngnathiformes	Order
2261	2260	Aulostomidae	Family
2262	2260	Centriscidae	Family
2263	2260	Fistulariidae	Family
2264	2260	Fistularioididae	Family
2265	2260	Paraeoliscidae	Family
2266	2260	Parasynarcualidae	Family
2267	2260	Solenostomidae	Family
2268	2260	Syngnathidae	Family
2269	1742	Tarrasiiformes	Order
2270	1742	Tetraodontiformes	Order
2271	2270	Balistidae	Family
2272	2270	Bolcabalistidae	Family
2273	2270	Cretatriacanthidae	Family
2274	2270	Diodontidae	Family
2275	2270	Molidae	Family
2276	2270	Monacanthidae	Family
2277	2270	Ostraciidae	Family
2278	2270	Tetraodontidae	Family
2279	2270	Triacanthidae	Family
2280	2270	Triacanthodidae	Family
2281	2270	Triodontidae	Family
2282	1742	Zeiformes	Order
2283	2282	Caproidae	Family
2284	2282	Cretazeidae	Family
2285	2282	Grammicolepididae	Family
2286	2282	Macrurocyttidae	Family
2287	2282	Oreosomatidae	Family
2288	2282	Parazenidae	Family
2289	2282	Zeidae	Family
2290	1741	Sarcopterygii	Class
2291	2290	Crossopterygii	Order
2292	2291	Canowindridae	Family
2293	2291	Coelacanthidae	Family
2294	2291	Diplocercididae	Family
2295	2291	Eusthenopteridae	Family
2296	2291	Hadronectoridae	Family
2297	2291	Holoptychiidae	Family
2298	2291	Latimeriidae	Family
2299	2291	Laugiidae	Family
2300	2291	Onychodontidae	Family
2301	2291	Osteolepidae	Family
2302	2291	Panderichthyidae	Family
2303	2291	Porolepidae	Family
2304	2291	Powichthyidae	Family
2305	2291	Rhabdodermatidae	Family
2306	2291	Rhizodontidae	Family
2307	2291	Rhizodopsidae	Family
2308	2290	Dipnoi	Order
2309	2308	Ceratodontidae	Family
2310	2308	Conchopomidae	Family
2311	2308	Ctenodontidae	Family
2312	2308	Dipnorhynchidae	Family
2313	2308	Dipteridae	Family
2314	2308	Lepidosirenidae	Family
2315	2308	Phaneropleuridae	Family
2316	2308	Sagenodontidae	Family
2317	2308	Uranolophidae	Family
2318	1641	Placodermi	Class
2319	993	Reptilia	Class
2320	2319	Anapsida	Subclass
2321	2320	Cotylosauria	Order
2322	2320	Mesosauria	Order
2323	2320	Testudines	Order
2324	2323	Amphichelydia	Suborder
2325	2323	Cryptodira	Suborder
2326	2325	Baenidae	Family
2327	2325	Carettochelyidae	Family
2328	2325	Cheloniidae	Family
2329	2325	Chelydridae	Family
2330	2325	Dermatemydidae	Family
2331	2325	Dermochelyidae	Family
2332	2325	Glyptopsidae	Family
2333	2325	Kayentachelyidae	Family
2334	2325	Kinosternidae	Family
2335	2325	Meiolaniidae	Family
2336	2325	Protostegidae	Family
2337	2325	Solemydidae	Family
2338	2325	Testudinidae	Family
2339	2325	Toxochelyidae	Family
2340	2325	Trionychidae	Family
2341	2323	Pleurodira	Suborder
2342	2341	Brasilemydidae	Family
2343	2341	Chelidae	Family
2344	2341	Dortokidae	Family
2345	2341	Pelomedusidae	Family
2346	2323	Proganochelydia	Suborder
2347	2319	Archosauria	Subclass
2348	2347	Crocodylia	Order
2349	2348	Archaeosuchia	Suborder
2350	2348	Elosuchidae	Family
2351	2348	Eusuchia	Suborder
2352	2351	Crocodylidae	Family
2353	2351	Dolichochampsidae	Family
2354	2351	Hylaeochampsidae	Family
2355	2351	Mekosuchidae	Family
2356	2351	Stomatosuchidae	Family
2357	2348	Mesosuchia	Suborder
2358	2348	Protosuchia	Suborder
2359	2348	Sebecosuchia	Suborder
2360	2347	Ornithischia	Order
2361	2360	Ankylosauria	Suborder
2362	2360	Ceratopsia	Suborder
2363	2360	Ornithopoda	Suborder
2364	2360	Stegosauria	Suborder
2365	2347	Pterosauria	Order
2366	2365	Pterodactyloidea	Suborder
2367	2365	Rhamphorhynchoidea	Suborder
2368	2347	Saurischia	Order
2369	2368	Sauropodomorpha	Suborder
2370	2368	Theropoda	Suborder
2371	2347	Thecodontia	Order
2372	2319	Euryapsida	Subclass
2373	2372	Araeoscelidia	Order
2374	2372	Ichthyosauria	Order
2375	2372	Placodontia	Order
2376	2372	Sauropterygia	Order
2377	2319	Lepidosauria	Subclass
2378	2377	Eosuchia	Order
2379	2377	Rhynchocephalia	Order
2380	2379	Claraziidae	Family
2381	2379	Pleurosauridae	Family
2382	2379	Rhynchosauridae	Family
2383	2379	Sphenodontidae	Family
2384	2377	Squamata	Order
2385	2384	Amphisbaenia	Suborder
2386	2385	Amphisbaenidae	Family
2387	2385	Trogonophidae	Family
2388	2384	Sauria	Suborder
2389	2388	Agamidae	Family
2390	2388	Aigialosauridae	Family
2391	2388	Anguidae	Family
2392	2388	Anniellidae	Family
2393	2388	Ardeosauridae	Family
2394	2388	Bavarisauridae	Family
2395	2388	Broilisauridae	Family
2396	2388	Carusiidae	Family
2397	2388	Chamaeleontidae	Family
2398	2388	Changjiangidae	Family
2399	2388	Cordylidae	Family
2400	2388	Dibamidae	Family
2401	2388	Dolichosauridae	Family
2402	2388	Euposauridae	Family
2403	2388	Fulengidae	Family
2404	2388	Gekkonidae	Family
2405	2388	Gilmoreteiidae	Family
2406	2388	Helodermatidae	Family
2407	2388	Iguanidae	Family
2408	2388	Kuehneosauridae	Family
2409	2388	Lacertidae	Family
2410	2388	Lanthanotidae	Family
2411	2388	Mosasauridae	Family
2412	2388	Necrosauridae	Family
2413	2388	Paramacellodidae	Family
2414	2388	Parasaniwidae	Family
2415	2388	Pygopodidae	Family
2416	2388	Scincidae	Family
2417	2388	Teiidae	Family
2418	2388	Varanidae	Family
2419	2388	Xantusiidae	Family
2420	2388	Xenosauridae	Family
2421	2384	Serpentes	Suborder
2422	2421	Aniliidae	Family
2423	2421	Anomalepididae	Family
2424	2421	Archaeophiidae	Family
2425	2421	Boidae	Family
2426	2421	Colubridae	Family
2427	2421	Dinilysiidae	Family
2428	2421	Elapidae	Family
2429	2421	Leptotyphlopidae	Family
2430	2421	Nigeropheidae	Family
2431	2421	Pachyophiidae	Family
2432	2421	Palaeophiidae	Family
2433	2421	Simoliophiidae	Family
2434	2421	Tropidophiidae	Family
2435	2421	Typhlopidae	Family
2436	2421	Uropeltidae	Family
2437	2421	Viperidae	Family
2438	2319	Synapsida	Subclass
2439	2438	Pelycosauria	Order
2440	2438	Therapsida	Order
2441	1	Cnidaria	Phylum
2442	2441	Anthozoa	Class
2443	2442	Ceriantipatharia	Subclass
2444	2442	Dividocorallia	Subclass
2445	2442	Octocorallia	Subclass
2446	2442	Scleromorpharia	Subclass
2447	2442	Septodaearia	Subclass
2448	2442	Zoantharia	Subclass
2449	2448	Actiniaria	Order
2450	2448	Corallimorpharia	Order
2451	2448	Heterocorallia	Order
2452	2448	Hexanthiniaria	Order
2453	2448	Kilbuchophyllida	Order
2454	2448	Pentasmiliida	Order
2455	2448	Rugosa	Order
2456	2448	Scleractinia	Order
2457	2448	Tabulata	Order
2458	2448	Zoanthiniaria	Order
2459	2441	Cubozoa	Class
2460	2441	Hydroconozoa	Class
2461	2441	Hydrozoa	Class
2462	2461	Actinulida	Order
2463	2461	Hydroida	Order
2464	2461	Milleporina	Order
2465	2461	Siphonophorida	Order
2466	2461	Spongiomorphida	Order
2467	2461	Stylasterina	Order
2468	2461	Trachylinida	Order
2469	2441	Protomedusae	Order
2470	2441	Scyphozoa	Class
2471	2470	Angustimedusae	Subclass
2472	2470	Scyphomedusae	Subclass
2473	1	Conodonta	Phylum
2474	1	Conulariida	Phylum
2475	1	Ctenophora	Phylum
2476	1	Cycliophora	Phylum
2477	1	Echinodermata	Phylum
2478	2477	Blastoidea	Class
2479	2477	Camptostromatoidea	Class
2480	2477	Concentricycloidea	Class
2481	2477	Crinoidea	Class
2482	2477	Ctenocystoidea	Class
2483	2477	Cyclocystoidea	Class
2484	2477	Diploporita	Class
2485	2477	Echinoidea	Class
2486	2477	Edrioasteroidea	Class
2487	2477	Edrioblastoidea	Class
2488	2477	Eocrinoidea	Class
2489	2477	Helicoplacoidea	Class
2490	2477	Holothuroidea	Class
2491	2477	Homoiostelea	Class
2492	2477	Homostelea	Class
2493	2477	Ophiocistioidea	Class
2494	2477	Parablastoidea	Class
2495	2477	Paracrinoidea	Class
2496	2477	Rhombifera	Class
2497	2477	Stelleroidea	Class
2498	2497	Asteroidea	Subclass
2499	2497	Ophiuroidea	Subclass
2500	2497	Somasteroidea	Subclass
2501	2477	Stylophora	Class
2502	1	Echiura	Phylum
2503	1	Entoprocta	Phylum
2504	1	Gastrotricha	Phylum
2505	1	Gnathostomulida	Phylum
2506	1	Graptolithina	Class
2507	1	Hemichordata	Phylum
2508	2507	Enteropneusta	Class
2509	2507	Pterobranchia	Class
2510	1	Kinorhyncha	Phylum
2511	1	Loricifera	Phylum
2512	1	Mesozoa	Phylum
2513	1	Micrognathozoa	Phylum
2514	1	Mollusca	Phylum
2515	2514	Aplacophora	Class
2516	2514	Bivalvia	Class
2517	2516	Anomalodesmata	Subclass
2518	2517	Pholadomyoida	Order
2519	2518	Clavagelloidea	Superfamily
2520	2518	Edmondioidea	Superfamily
2521	2518	Pandoroidea	Superfamily
2522	2518	Pholadomyoidea	Superfamily
2523	2518	Poromyoidea	Superfamily
2524	2516	Heterodonta	Subclass
2525	2524	Hippuritoida	Order
2526	2525	Hippuritoidea	Superfamily
2527	2525	Megalodontoidea	Superfamily
2528	2524	Myoida	Order
2529	2528	Gastrochaenoidea	Superfamily
2530	2528	Hiatelloidea	Superfamily
2531	2528	Myoidea	Superfamily
2532	2528	Pholadoidea	Superfamily
2533	2524	Veneroida	Order
2534	2533	Arcticoidea	Superfamily
2535	2533	Astartoidea	Superfamily
2536	2533	Babinkoidea	Superfamily
2537	2533	Cardioidea	Superfamily
2538	2533	Carditoidea	Superfamily
2539	2533	Chamoidea	Superfamily
2540	2533	Chlamydoconchoidea	Superfamily
2541	2533	Corbiculoidea	Superfamily
2542	2533	Crassatelloidea	Superfamily
2543	2533	Cyamioidea	Superfamily
2544	2533	Dreissenoidea	Superfamily
2545	2533	Gaimardioidea	Superfamily
2546	2533	Galeommatoidea	Superfamily
2547	2533	Glossoidea	Superfamily
2548	2533	Lucinoidea	Superfamily
2549	2533	Mactroidea	Superfamily
2550	2533	Solenoidea	Superfamily
2551	2533	Tellinoidea	Superfamily
2552	2533	Tridacnoidea	Superfamily
2553	2533	Veneroidea	Superfamily
2554	2516	Palaeoheterodonta	Subclass
2555	2554	Fordilloida	Order
2556	2554	Glyptarcoidea	Order
2557	2554	Modiomorphoida	Order
2558	2557	Cycloconchoidea	Superfamily
2559	2557	Modiomorphoidea	Superfamily
2560	2557	Praelamellodontoidea	Superfamily
2561	2554	Trigonioida	Order
2562	2561	Beichuanioidea	Superfamily
2563	2561	Trigonioidea	Superfamily
2564	2554	Unionoida	Order
2565	2564	Anthracosioidea	Superfamily
2566	2564	Archanodontoidea	Superfamily
2567	2564	Muteloidea	Superfamily
2568	2564	Unionoidea	Superfamily
2569	2516	Protobranchia	Subclass
2570	2569	Nuculoida	Order
2571	2570	Ctenodontoidea	Superfamily
2572	2570	Nuculanoidea	Superfamily
2573	2570	Nuculoidea	Superfamily
2574	2569	Praecardioida	Order
2575	2574	Praecardioidea	Superfamily
2576	2569	Solemyoida	Order
2577	2576	Nucinelloidea	Superfamily
2578	2576	Solemyoidea	Superfamily
2579	2516	Pteriomorphia	Subclass
2580	2579	Arcoida	Order
2581	2580	Arcoidea	Superfamily
2582	2580	Cyrtodontoidea	Superfamily
2583	2580	Limopsoidea	Superfamily
2584	2579	Cyrtodontida	Order
2585	2584	Falcatodontoidea	Superfamily
2586	2579	Limoida	Order
2587	2586	Limoidea	Superfamily
2588	2579	Mytiloida	Order
2589	2588	Mytiloidea	Superfamily
2590	2579	Ostreoida	Order
2591	2590	Anomioidea	Superfamily
2592	2590	Halobioidea	Superfamily
2593	2590	Ostreoidea	Superfamily
2594	2590	Pectinoidea	Superfamily
2595	2590	Plicatuloidea	Superfamily
2596	2579	Pterioida	Order
2597	2596	Ambonychioidea	Superfamily
2598	2596	Pinnoidea	Superfamily
2599	2596	Pterioidea	Superfamily
2600	2579	Tuarangiida	Order
2601	2600	Tuarangioidea	Superfamily
2602	2514	Calyptoptomatida	Class
2603	2514	Cephalopoda	Class
2604	2603	Actinoceratoidea	Subclass
2605	2603	Ammonoidea	Subclass
2606	2605	Ammonitida	Order
2607	2605	Anarcestida	Order
2608	2605	Ceratitida	Order
2609	2605	Clymeniida	Order
2610	2605	Goniatitida	Order
2611	2605	Lytoceratida	Order
2612	2605	Meekoceratida	Order
2613	2605	Otoceratida	Order
2614	2605	Phylloceratida	Order
2615	2605	Prolecanitida	Order
2616	2605	Xenodiscida	Order
2617	2603	Aptychi	Subclass
2618	2603	Bactritoidea	Subclass
2619	2603	Coleoidea	Subclass
2620	2619	Belemnitida	Order
2621	2619	Boletzkyida	Order
2622	2619	Octopoda	Order
2623	2619	Sepiida	Order
2624	2619	Teuthida	Order
2625	2619	Vampyromorpha	Order
2626	2603	Endoceratoidea	Subclass
2627	2603	Nautiloidea	Subclass
2628	2514	Cricoconarida	Class
2629	2514	Gastropoda	Class
2630	2629	Gymnomorpha	Subclass
2631	2630	Smeagolida	Order
2632	2630	Soleolifera	Order
2633	2630	Systellommatophora	Order
2634	2629	Heterobranchia	Subclass
2635	2634	Architectonicoidea	Superfamily
2636	2634	Nerineoidea	Superfamily
2637	2634	Pyramidelloidea	Superfamily
2638	2629	Opisthobranchia	Subclass
2639	2638	Acochlidioidea	Order
2640	2638	Anaspidea	Order
2641	2638	Cephalaspidea	Order
2642	2638	Gymnosomata	Order
2643	2638	Notaspidea	Order
2644	2638	Nudibranchia	Order
2645	2638	Sacoglossa	Order
2646	2638	Thecosomata	Order
2647	2629	Prosobranchia	Subclass
2648	2647	Archaeogastropoda	Order
2649	2648	Amberleyoidea	Superfamily
2650	2648	Anomphaloidea	Superfamily
2651	2648	Bellerophontoidea	Superfamily
2652	2648	Clisospiroidea	Superfamily
2653	2648	Cocculinoidea	Superfamily
2654	2648	Craspedostomatoidea	Superfamily
2655	2648	Euomphaloidea	Superfamily
2656	2648	Fissurelloidea	Superfamily
2657	2648	Helcionelloidea	Superfamily
2658	2648	Helicinoidea	Superfamily
2659	2648	Hydrocenoidea	Superfamily
2660	2648	Lepetelloidea	Superfamily
2661	2648	Lepetodriloidea	Superfamily
2662	2648	Lepetopsoidea	Superfamily
2663	2648	Macluritoidea	Superfamily
2664	2648	Microdomatoidea	Superfamily
2665	2648	Murchisonioidea	Superfamily
2666	2648	Neomphaloidea	Superfamily
2667	2648	Neritoidea	Superfamily
2668	2648	Oriostomatoidea	Superfamily
2669	2648	Palaeotrochoidea	Superfamily
2670	2648	Patelloidea	Superfamily
2671	2648	Peltospiroidea	Superfamily
2672	2648	Peruneloidea	Superfamily
2673	2648	Platyceratoidea	Superfamily
2674	2648	Pleurotomarioidea	Superfamily
2675	2648	Pseudophoroidea	Superfamily
2676	2648	Seguenzioidea	Superfamily
2677	2648	Trochoidea	Superfamily
2678	2648	Trochonematoidea	Superfamily
2679	2647	Mesogastropoda	Order
2680	2679	Cerithioidea	Superfamily
2681	2679	Cerithiopsoidea	Superfamily
2682	2679	Crepiduloidea	Superfamily
2683	2679	Cyclophoroidea	Superfamily
2684	2679	Cypraeoidea	Superfamily
2685	2679	Epitonioidea	Superfamily
2686	2679	Eulimoidea	Superfamily
2687	2679	Heteropoda	Superfamily
2688	2679	Hipponicoidea	Superfamily
2689	2679	Littorinoidea	Superfamily
2690	2679	Loxonematoidea	Superfamily
2691	2679	Naticoidea	Superfamily
2692	2679	Pseudomelanoidea	Superfamily
2693	2679	Rissoidea	Superfamily
2694	2679	Stromboidea	Superfamily
2695	2679	Subulitoidea	Superfamily
2696	2679	Tonnoidea	Superfamily
2697	2679	Triphoroidea	Superfamily
2698	2679	Valvatoidea	Superfamily
2699	2679	Viviparoidea	Superfamily
2700	2679	Xenophoroidea	Superfamily
2701	2647	Neogastropoda	Order
2702	2701	Cancellarioidea	Superfamily
2703	2701	Conoidea	Superfamily
2704	2701	Muricoidea	Superfamily
2705	2701	Rissoelloidea	Superfamily
2706	2647	Pyrifusoidea	Order
2707	2629	Pulmonata	Subclass
2708	2707	Archaeopulmonata	Order
2709	2708	Ellobioidea	Superfamily
2710	2707	Basommatophora	Order
2711	2710	Acroloxoidea	Superfamily
2712	2710	Amphiboloidea	Superfamily
2713	2710	Chilinoidea	Superfamily
2714	2710	Glacidorboidea	Superfamily
2715	2710	Lymnaeoidea	Superfamily
2716	2710	Physoidea	Superfamily
2717	2710	Planorboidea	Superfamily
2718	2710	Siphonarioidea	Superfamily
2719	2707	Stylommatophora	Order
2720	2719	Acavoidea	Superfamily
2721	2719	Achatinelloidea	Superfamily
2722	2719	Achatinoidea	Superfamily
2723	2719	Aillyoidea	Superfamily
2724	2719	Arionoidea	Superfamily
2725	2719	Athoracophoroidea	Superfamily
2726	2719	Buliminoidea	Superfamily
2727	2719	Camaenoidea	Superfamily
2728	2719	Clausilioidea	Superfamily
2729	2719	Cochlicopoidea	Superfamily
2730	2719	Gastrodontoidea	Superfamily
2731	2719	Helicoidea	Superfamily
2732	2719	Helixarionoidea	Superfamily
2733	2719	Limacoidea	Superfamily
2734	2719	Oleacinoidea	Superfamily
2735	2719	Orthalicoidea	Superfamily
2736	2719	Partuloidea	Superfamily
2737	2719	Plectopylidoidea	Superfamily
2738	2719	Polygyroidea	Superfamily
2739	2719	Punctoidea	Superfamily
2740	2719	Pupilloidea	Superfamily
2741	2719	Rhytidoidea	Superfamily
2742	2719	Sagdoidea	Superfamily
2743	2719	Streptaxoidea	Superfamily
2744	2719	Strophocheiloidea	Superfamily
2745	2719	Succineoidea	Superfamily
2746	2719	Trigonochlamydoidea	Superfamily
2747	2719	Vitrinoidea	Superfamily
2748	2514	Mattheva	Order
2749	2514	Merismoconchida	Order
2750	2514	Monoplacophora	Class
2751	2514	Polyplacophora	Class
2752	2514	Rostroconchia	Class
2753	2514	Scaphopoda	Class
2754	1	Myxozoa	Phylum
2755	2754	Actinosporea	Class
2756	2754	Myxosporea	Class
2757	2756	Bivalvulida	Order
2758	2756	Multivalvulida	Order
2759	1	Nematoda	Phylum
2760	1	Nematomorpha	Phylum
2761	1	Nemertinea	Phylum
2762	1	Onychophora	Class
2763	1	Petalonamae	Group
2764	1	Phoronida	Phylum
2765	1	Platyhelminthes	Phylum
2766	2765	Cestoda	Class
2767	2765	Monogenea	Subclass
2768	2765	Trematoda	Class
2769	2768	Aspidogastrea	Subclass
2770	2768	Digenea	Subclass
2771	2765	Turbellaria	Class
2772	1	Porifera	Phylum
2773	2772	Calcarea	Class
2774	2772	Demospongiae	Class
2775	2772	Hexactinellida	Class
2776	2772	Sclerospongiae	Class
2777	2772	Stromatoporoidea	Class
2778	1	Priapulida	Phylum
2779	1	Rotifera	Phylum
2780	1	Sipuncula	Phylum
2781	1	Tardigrada	Class
2782	1	Xenusia	Group
2783		Protozoa	Group
2784	2783	Acritarcha	Group
2785	2783	Apicomplexa	Phylum
2786	2785	Perkinsea	Class
2787	2785	Sporozoea	Class
2788	2787	Coccidia	Subclass
2789	2787	Gregarinia	Subclass
2790	2787	Piroplasmia	Subclass
2791	2783	Ascetospora	Phylum
2792	2783	Chitinozoa	Group
2793	2783	Ciliophora	Phylum
2794	2793	Kinetofragminophorea	Class
2795	2794	Gymnostomatia	Subclass
2796	2795	Karyorelictida	Order
2797	2795	Pleurostomatida	Order
2798	2795	Prostomatida	Order
2799	2794	Hypostomatia	Subclass
2800	2799	Apostomatida	Order
2801	2799	Chonotrichida	Order
2802	2799	Cyrtophorida	Order
2803	2799	Nassulida	Order
2804	2799	Rhynchodida	Order
2805	2799	Synhymeniida	Order
2806	2794	Suctoria	Subclass
2807	2806	Suctorida	Order
2808	2794	Vestibuliferia	Subclass
2809	2808	Colpodida	Order
2810	2808	Entodiniomorphida	Order
2811	2808	Trichostomatida	Order
2812	2793	Oligohymenophorea	Class
2813	2812	Hymenostomatia	Subclass
2814	2813	Astomatida	Order
2815	2813	Hymenostomatida	Order
2816	2813	Scuticociliatida	Order
2817	2812	Hysterocinetia	Subclass
2818	2817	Hysterocinetida	Order
2819	2812	Peritrichia	Subclass
2820	2819	Peritrichida	Order
2821	2793	Polyhymenophorea	Class
2822	2821	Spirotrichia	Subclass
2823	2822	Heterotrichida	Order
2824	2822	Hypotrichida	Order
2825	2822	Odontostomatida	Order
2826	2822	Oligotrichida	Order
2827	2783	Hemimastigophora	Phylum
2828	2783	Labyrinthomorpha	Phylum
2829	2783	Microspora	Phylum
2830	2783	Perkinsozoa	Phylum
2831	2783	Placididea	Phylum
2832	2783	Sarcomastigophora	Phylum
2833	2832	Mastigophora	Subphylum
2834	2833	Phytomastigophorea	Class
2835	2834	Chloromonadida	Order
2836	2834	Chrysomonadida	Order
2837	2834	Cryptomonadida	Order
2838	2834	Dinoflagellida	Order
2839	2834	Euglenida	Order
2840	2834	Heterochlorida	Order
2841	2834	Prasinomonadida	Order
2842	2834	Prymnesiida	Order
2843	2834	Silicoflagellida	Order
2844	2834	Volvocida	Order
2845	2833	Zoomastigophorea	Class
2846	2845	Choanoflagellida	Order
2847	2845	Diplomonadida	Order
2848	2845	Hypermastigida	Order
2849	2845	Kinetoplastida	Order
2850	2845	Oxymonadida	Order
2851	2845	Proteromonadida	Order
2852	2845	Retortamonadida	Order
2853	2845	Trichomonadida	Order
2854	2832	Opalinata	Subphylum
2855	2832	Sarcodina	Subphylum
2856	2855	Actinopoda	Superclass
2857	2856	Acantharea	Class
2858	2856	Heliozoea	Class
2859	2856	Phaeodarea	Class
2860	2856	Polycystinea	Class
2861	2855	Rhizopoda	Superclass
2862	2861	Acarpomyxea	Class
2863	2861	Acrasea	Class
2864	2861	Eumycetozoea	Class
2865	2864	Dictyosteliia	Subclass
2866	2864	Myxogastria	Subclass
2867	2864	Protosteliia	Subclass
2868	2861	Filosea	Class
2869	2868	Aconchulinida	Order
2870	2868	Gromiida	Order
2871	2861	Granuloreticulosea	Class
2872	2871	Athalamida	Order
2873	2871	Foraminiferida	Order
2874	2871	Monothalamida	Order
2875	2861	Lobosea	Class
2876	2875	Gymnamoebia	Subclass
2877	2876	Amoebida	Order
2878	2876	Schizopyrenida	Order
2879	2875	Testacealobosia	Subclass
2880	2879	Arcellinida	Order
2881	2879	Himatismenida	Order
2882	2879	Trichosida	Order
2883	2861	Plasmodiophorea	Class
2884	2861	Xenophyophorea	Class
2885	2855	Schizocladea	Class